-- phpMyAdmin SQL Dump
-- version 4.6.5.2
-- https://www.phpmyadmin.net/
--
-- Host: 127.0.0.1
-- Generation Time: Apr 17, 2017 at 06:43 PM
-- Server version: 10.1.21-MariaDB
-- PHP Version: 5.6.30

SET SQL_MODE = "NO_AUTO_VALUE_ON_ZERO";
SET time_zone = "+00:00";


/*!40101 SET @OLD_CHARACTER_SET_CLIENT=@@CHARACTER_SET_CLIENT */;
/*!40101 SET @OLD_CHARACTER_SET_RESULTS=@@CHARACTER_SET_RESULTS */;
/*!40101 SET @OLD_COLLATION_CONNECTION=@@COLLATION_CONNECTION */;
/*!40101 SET NAMES utf8mb4 */;

--
-- Database: `tracnghiemtructuyen`
--

-- --------------------------------------------------------

--
-- Table structure for table `admin`
--

CREATE TABLE `admin` (
  `maadmin` varchar(50) COLLATE utf8_unicode_ci NOT NULL,
  `matkhau` varchar(50) COLLATE utf8_unicode_ci NOT NULL
) ENGINE=InnoDB DEFAULT CHARSET=utf8 COLLATE=utf8_unicode_ci;

--
-- Dumping data for table `admin`
--

INSERT INTO `admin` (`maadmin`, `matkhau`) VALUES
('admin', '96e79218965eb72c92a549dd5a330112');

-- --------------------------------------------------------

--
-- Table structure for table `allowexam`
--

CREATE TABLE `allowexam` (
  `sbd` varchar(20) COLLATE utf8_unicode_ci NOT NULL,
  `mamodun` varchar(20) COLLATE utf8_unicode_ci NOT NULL,
  `allow` varchar(2) COLLATE utf8_unicode_ci DEFAULT NULL
) ENGINE=InnoDB DEFAULT CHARSET=utf8 COLLATE=utf8_unicode_ci;

--
-- Dumping data for table `allowexam`
--

INSERT INTO `allowexam` (`sbd`, `mamodun`, `allow`) VALUES
('01Z001', 'PP', 'K'),
('01Z001', 'TP', 'K'),
('01Z002', 'PP', 'K'),
('01Z002', 'TP', 'K'),
('01Z003', 'PP', 'K'),
('01Z003', 'TP', 'K'),
('01Z004', 'PP', 'C'),
('01Z004', 'TP', 'C'),
('01Z005', 'PP', 'C'),
('01Z005', 'TP', 'C'),
('01Z006', 'PP', 'C'),
('01Z006', 'TP', 'C'),
('01Z007', 'PP', 'C'),
('01Z007', 'TP', 'C'),
('01Z008', 'PP', 'C'),
('01Z008', 'TP', 'C'),
('01Z009', 'PP', 'C'),
('01Z009', 'TP', 'C'),
('01Z010', 'PP', 'C'),
('01Z010', 'TP', 'C'),
('01Z011', 'PP', 'C'),
('01Z011', 'TP', 'C'),
('01Z012', 'PP', 'C'),
('01Z012', 'TP', 'C'),
('01Z013', 'PP', 'C'),
('01Z013', 'TP', 'C'),
('01Z014', 'PP', 'C'),
('01Z014', 'TP', 'C'),
('01Z015', 'PP', 'C'),
('01Z015', 'TP', 'C'),
('01Z016', 'PP', 'C'),
('01Z016', 'TP', 'C'),
('01Z017', 'PP', 'C'),
('01Z017', 'TP', 'C'),
('01Z018', 'PP', 'C'),
('01Z018', 'TP', 'C'),
('01Z019', 'PP', 'C'),
('01Z019', 'TP', 'C'),
('01Z020', 'PP', 'C'),
('01Z020', 'TP', 'C'),
('01Z021', 'PP', 'C'),
('01Z021', 'TP', 'C'),
('01Z022', 'PP', 'C'),
('01Z022', 'TP', 'C'),
('01Z023', 'PP', 'C'),
('01Z023', 'TP', 'C'),
('01Z024', 'PP', 'C'),
('01Z024', 'TP', 'C'),
('01Z025', 'PP', 'C'),
('01Z025', 'TP', 'C'),
('01Z026', 'PP', 'C'),
('01Z026', 'TP', 'C'),
('01Z027', 'PP', 'C'),
('01Z027', 'TP', 'C'),
('01Z028', 'PP', 'C'),
('01Z028', 'TP', 'C'),
('01Z029', 'PP', 'C'),
('01Z029', 'TP', 'C'),
('01Z030', 'PP', 'C'),
('01Z030', 'TP', 'C'),
('01Z031', 'PP', 'C'),
('01Z031', 'TP', 'C'),
('01Z032', 'PP', 'C'),
('01Z032', 'TP', 'C'),
('01Z033', 'PP', 'C'),
('01Z033', 'TP', 'C'),
('01Z034', 'PP', 'C'),
('01Z034', 'TP', 'C'),
('01Z035', 'PP', 'C'),
('01Z035', 'TP', 'C'),
('01Z036', 'PP', 'C'),
('01Z036', 'TP', 'C'),
('01Z037', 'PP', 'C'),
('01Z037', 'TP', 'C'),
('01Z038', 'PP', 'C'),
('01Z038', 'TP', 'C'),
('01Z039', 'PP', 'C'),
('01Z039', 'TP', 'C'),
('01Z040', 'PP', 'C'),
('01Z040', 'TP', 'C'),
('01Z041', 'PP', 'C'),
('01Z041', 'TP', 'C'),
('01Z042', 'PP', 'C'),
('01Z042', 'TP', 'C'),
('01Z043', 'PP', 'C'),
('01Z043', 'TP', 'C'),
('01Z044', 'PP', 'C'),
('01Z044', 'TP', 'C'),
('01Z045', 'PP', 'C'),
('01Z045', 'TP', 'C'),
('01Z046', 'PP', 'C'),
('01Z046', 'TP', 'C'),
('01Z047', 'PP', 'C'),
('01Z047', 'TP', 'C'),
('01Z048', 'PP', 'C'),
('01Z048', 'TP', 'C'),
('01Z049', 'PP', 'C'),
('01Z049', 'TP', 'C'),
('01Z050', 'PP', 'C'),
('01Z050', 'TP', 'C'),
('01Z051', 'PP', 'C'),
('01Z051', 'TP', 'C'),
('01Z052', 'PP', 'C'),
('01Z052', 'TP', 'C'),
('01Z053', 'PP', 'C'),
('01Z053', 'TP', 'C'),
('01Z054', 'PP', 'C'),
('01Z054', 'TP', 'C'),
('01Z055', 'PP', 'C'),
('01Z055', 'TP', 'C'),
('01Z056', 'PP', 'C'),
('01Z056', 'TP', 'C'),
('01Z057', 'PP', 'C'),
('01Z057', 'TP', 'C'),
('01Z058', 'PP', 'C'),
('01Z058', 'TP', 'C'),
('01Z059', 'PP', 'C'),
('01Z059', 'TP', 'C'),
('01Z060', 'PP', 'C'),
('01Z060', 'TP', 'C'),
('01Z061', 'PP', 'C'),
('01Z061', 'TP', 'C'),
('01Z062', 'PP', 'C'),
('01Z062', 'TP', 'C'),
('01Z063', 'PP', 'C'),
('01Z063', 'TP', 'C'),
('01Z064', 'PP', 'C'),
('01Z064', 'TP', 'C'),
('01Z065', 'PP', 'C'),
('01Z065', 'TP', 'C'),
('01Z066', 'PP', 'C'),
('01Z066', 'TP', 'C'),
('01Z067', 'PP', 'C'),
('01Z067', 'TP', 'C'),
('01Z068', 'PP', 'C'),
('01Z068', 'TP', 'C'),
('01Z069', 'PP', 'C'),
('01Z069', 'TP', 'C'),
('01Z070', 'PP', 'C'),
('01Z070', 'TP', 'C'),
('01Z071', 'PP', 'C'),
('01Z071', 'TP', 'C'),
('01Z072', 'PP', 'C'),
('01Z072', 'TP', 'C'),
('01Z073', 'PP', 'C'),
('01Z073', 'TP', 'C'),
('01Z074', 'PP', 'C'),
('01Z074', 'TP', 'C'),
('01Z075', 'PP', 'C'),
('01Z075', 'TP', 'C'),
('01Z076', 'PP', 'C'),
('01Z076', 'TP', 'C'),
('01Z077', 'PP', 'C'),
('01Z077', 'TP', 'C'),
('01Z078', 'PP', 'C'),
('01Z078', 'TP', 'C'),
('01Z079', 'PP', 'C'),
('01Z079', 'TP', 'C'),
('01Z080', 'PP', 'C'),
('01Z080', 'TP', 'C'),
('01Z081', 'PP', 'C'),
('01Z081', 'TP', 'C'),
('01Z082', 'PP', 'C'),
('01Z082', 'TP', 'C'),
('01Z083', 'PP', 'C'),
('01Z083', 'TP', 'C'),
('01Z084', 'PP', 'C'),
('01Z084', 'TP', 'C'),
('01Z085', 'PP', 'C'),
('01Z085', 'TP', 'C'),
('01Z086', 'PP', 'C'),
('01Z086', 'TP', 'C'),
('01Z087', 'PP', 'C'),
('01Z087', 'TP', 'C'),
('01Z088', 'PP', 'C'),
('01Z088', 'TP', 'C'),
('01Z089', 'PP', 'C'),
('01Z089', 'TP', 'C'),
('01Z090', 'PP', 'C'),
('01Z090', 'TP', 'C'),
('01Z091', 'PP', 'C'),
('01Z091', 'TP', 'C'),
('01Z092', 'PP', 'C'),
('01Z092', 'TP', 'C'),
('01Z093', 'PP', 'C'),
('01Z093', 'TP', 'C'),
('01Z094', 'PP', 'C'),
('01Z094', 'TP', 'C'),
('01Z095', 'PP', 'C'),
('01Z095', 'TP', 'C'),
('01Z096', 'PP', 'C'),
('01Z096', 'TP', 'C'),
('01Z097', 'PP', 'C'),
('01Z097', 'TP', 'C'),
('01Z098', 'PP', 'C'),
('01Z098', 'TP', 'C'),
('01Z099', 'PP', 'C'),
('01Z099', 'TP', 'C'),
('01Z100', 'PP', 'C'),
('01Z100', 'TP', 'C'),
('01Z101', 'PP', 'C'),
('01Z101', 'TP', 'C'),
('01Z102', 'PP', 'C'),
('01Z102', 'TP', 'C'),
('01Z103', 'PP', 'C'),
('01Z103', 'TP', 'C'),
('01Z104', 'PP', 'C'),
('01Z104', 'TP', 'C'),
('01Z105', 'PP', 'C'),
('01Z105', 'TP', 'C'),
('01Z106', 'PP', 'C'),
('01Z106', 'TP', 'C'),
('01Z107', 'PP', 'C'),
('01Z107', 'TP', 'C'),
('01Z108', 'PP', 'C'),
('01Z108', 'TP', 'C'),
('01Z109', 'PP', 'C'),
('01Z109', 'TP', 'C'),
('01Z110', 'PP', 'C'),
('01Z110', 'TP', 'C'),
('01Z111', 'PP', 'C'),
('01Z111', 'TP', 'C'),
('01Z112', 'PP', 'C'),
('01Z112', 'TP', 'C'),
('01Z113', 'PP', 'C'),
('01Z113', 'TP', 'C'),
('01Z114', 'PP', 'C'),
('01Z114', 'TP', 'C'),
('01Z115', 'PP', 'C'),
('01Z115', 'TP', 'C'),
('01Z116', 'PP', 'C'),
('01Z116', 'TP', 'C'),
('01Z117', 'PP', 'C'),
('01Z117', 'TP', 'C'),
('01Z118', 'PP', 'C'),
('01Z118', 'TP', 'C'),
('01Z119', 'PP', 'C'),
('01Z119', 'TP', 'C'),
('01Z120', 'PP', 'C'),
('01Z120', 'TP', 'C'),
('01Z121', 'PP', 'C'),
('01Z121', 'TP', 'C'),
('01Z122', 'PP', 'C'),
('01Z122', 'TP', 'C'),
('01Z123', 'PP', 'C'),
('01Z123', 'TP', 'C'),
('01Z124', 'PP', 'C'),
('01Z124', 'TP', 'C'),
('01Z125', 'PP', 'C'),
('01Z125', 'TP', 'C'),
('01Z126', 'PP', 'C'),
('01Z126', 'TP', 'C'),
('01Z127', 'PP', 'C'),
('01Z127', 'TP', 'C'),
('01Z128', 'PP', 'C'),
('01Z128', 'TP', 'C'),
('01Z129', 'PP', 'C'),
('01Z129', 'TP', 'C'),
('01Z130', 'PP', 'C'),
('01Z130', 'TP', 'C'),
('01Z131', 'PP', 'C'),
('01Z131', 'TP', 'C'),
('01Z132', 'PP', 'C'),
('01Z132', 'TP', 'C'),
('01Z133', 'PP', 'C'),
('01Z133', 'TP', 'C'),
('01Z134', 'PP', 'C'),
('01Z134', 'TP', 'C'),
('01Z135', 'PP', 'C'),
('01Z135', 'TP', 'C'),
('01Z136', 'PP', 'C'),
('01Z136', 'TP', 'C'),
('01Z137', 'PP', 'C'),
('01Z137', 'TP', 'C'),
('01Z138', 'PP', 'C'),
('01Z138', 'TP', 'C'),
('01Z139', 'PP', 'C'),
('01Z139', 'TP', 'C'),
('01Z140', 'PP', 'C'),
('01Z140', 'TP', 'C'),
('01Z141', 'PP', 'C'),
('01Z141', 'TP', 'C'),
('01Z142', 'PP', 'C'),
('01Z142', 'TP', 'C'),
('01Z143', 'PP', 'C'),
('01Z143', 'TP', 'C'),
('01Z144', 'PP', 'C'),
('01Z144', 'TP', 'C'),
('01Z145', 'PP', 'C'),
('01Z145', 'TP', 'C'),
('01Z146', 'PP', 'C'),
('01Z146', 'TP', 'C'),
('01Z147', 'PP', 'C'),
('01Z147', 'TP', 'C'),
('01Z148', 'PP', 'C'),
('01Z148', 'TP', 'C'),
('01Z149', 'PP', 'C'),
('01Z149', 'TP', 'C'),
('01Z150', 'PP', 'C'),
('01Z150', 'TP', 'C'),
('01Z151', 'PP', 'C'),
('01Z151', 'TP', 'C'),
('01Z152', 'PP', 'C'),
('01Z152', 'TP', 'C'),
('01Z153', 'PP', 'C'),
('01Z153', 'TP', 'C'),
('01Z154', 'PP', 'C'),
('01Z154', 'TP', 'C'),
('01Z155', 'PP', 'C'),
('01Z155', 'TP', 'C'),
('01Z156', 'PP', 'C'),
('01Z156', 'TP', 'C'),
('01Z157', 'PP', 'C'),
('01Z157', 'TP', 'C'),
('01Z158', 'PP', 'C'),
('01Z158', 'TP', 'C'),
('01Z159', 'PP', 'C'),
('01Z159', 'TP', 'C'),
('01Z160', 'PP', 'C'),
('01Z160', 'TP', 'C'),
('01Z161', 'PP', 'C'),
('01Z161', 'TP', 'C'),
('01Z162', 'PP', 'C'),
('01Z162', 'TP', 'C'),
('01Z163', 'PP', 'C'),
('01Z163', 'TP', 'C'),
('01Z164', 'PP', 'C'),
('01Z164', 'TP', 'C'),
('01Z165', 'PP', 'C'),
('01Z165', 'TP', 'C'),
('01Z166', 'PP', 'C'),
('01Z166', 'TP', 'C'),
('01Z167', 'PP', 'C'),
('01Z167', 'TP', 'C'),
('01Z168', 'PP', 'C'),
('01Z168', 'TP', 'C'),
('01Z169', 'PP', 'C'),
('01Z169', 'TP', 'C'),
('01Z170', 'PP', 'C'),
('01Z170', 'TP', 'C'),
('01Z171', 'PP', 'C'),
('01Z171', 'TP', 'C'),
('01Z172', 'PP', 'C'),
('01Z172', 'TP', 'C'),
('01Z173', 'PP', 'C'),
('01Z173', 'TP', 'C'),
('01Z174', 'PP', 'C'),
('01Z174', 'TP', 'C'),
('01Z175', 'PP', 'C'),
('01Z175', 'TP', 'C'),
('01Z176', 'PP', 'C'),
('01Z176', 'TP', 'C'),
('01Z177', 'PP', 'C'),
('01Z177', 'TP', 'C'),
('01Z178', 'PP', 'C'),
('01Z178', 'TP', 'C'),
('01Z179', 'PP', 'C'),
('01Z179', 'TP', 'C'),
('01Z180', 'PP', 'C'),
('01Z180', 'TP', 'C'),
('01Z181', 'PP', 'C'),
('01Z181', 'TP', 'C'),
('01Z182', 'PP', 'C'),
('01Z182', 'TP', 'C'),
('01Z183', 'PP', 'C'),
('01Z183', 'TP', 'C'),
('01Z184', 'PP', 'C'),
('01Z184', 'TP', 'C'),
('01Z185', 'PP', 'C'),
('01Z185', 'TP', 'C'),
('01Z186', 'PP', 'C'),
('01Z186', 'TP', 'C'),
('01Z187', 'PP', 'C'),
('01Z187', 'TP', 'C'),
('01Z188', 'PP', 'C'),
('01Z188', 'TP', 'C'),
('01Z189', 'PP', 'C'),
('01Z189', 'TP', 'C'),
('01Z190', 'PP', 'C'),
('01Z190', 'TP', 'C'),
('01Z191', 'PP', 'C'),
('01Z191', 'TP', 'C'),
('01Z192', 'PP', 'C'),
('01Z192', 'TP', 'C'),
('01Z193', 'PP', 'C'),
('01Z193', 'TP', 'C'),
('01Z194', 'PP', 'C'),
('01Z194', 'TP', 'C'),
('01Z195', 'PP', 'C'),
('01Z195', 'TP', 'C'),
('01Z196', 'PP', 'C'),
('01Z196', 'TP', 'C'),
('01Z197', 'PP', 'C'),
('01Z197', 'TP', 'C'),
('01Z198', 'PP', 'C'),
('01Z198', 'TP', 'C'),
('01Z199', 'PP', 'C'),
('01Z199', 'TP', 'C'),
('01Z200', 'PP', 'C'),
('01Z200', 'TP', 'C'),
('01Z201', 'PP', 'C'),
('01Z201', 'TP', 'C'),
('01Z202', 'PP', 'C'),
('01Z202', 'TP', 'C'),
('01Z203', 'PP', 'C'),
('01Z203', 'TP', 'C'),
('01Z204', 'PP', 'C'),
('01Z204', 'TP', 'C'),
('01Z205', 'PP', 'C'),
('01Z205', 'TP', 'C'),
('01Z206', 'PP', 'C'),
('01Z206', 'TP', 'C'),
('01Z207', 'PP', 'C'),
('01Z207', 'TP', 'C'),
('01Z208', 'PP', 'C'),
('01Z208', 'TP', 'C'),
('01Z209', 'PP', 'C'),
('01Z209', 'TP', 'C'),
('01Z210', 'PP', 'C'),
('01Z210', 'TP', 'C'),
('01Z211', 'PP', 'C'),
('01Z211', 'TP', 'C'),
('01Z212', 'PP', 'C'),
('01Z212', 'TP', 'C'),
('01Z213', 'PP', 'C'),
('01Z213', 'TP', 'C'),
('01Z214', 'PP', 'C'),
('01Z214', 'TP', 'C'),
('01Z215', 'PP', 'C'),
('01Z215', 'TP', 'C'),
('01Z216', 'PP', 'C'),
('01Z216', 'TP', 'C'),
('01Z217', 'PP', 'C'),
('01Z217', 'TP', 'C'),
('01Z218', 'PP', 'C'),
('01Z218', 'TP', 'C'),
('01Z219', 'PP', 'C'),
('01Z219', 'TP', 'C'),
('01Z220', 'PP', 'C'),
('01Z220', 'TP', 'C'),
('01Z221', 'PP', 'C'),
('01Z221', 'TP', 'C'),
('01Z222', 'PP', 'C'),
('01Z222', 'TP', 'C'),
('01Z223', 'PP', 'C'),
('01Z223', 'TP', 'C'),
('01Z224', 'PP', 'C'),
('01Z224', 'TP', 'C'),
('01Z225', 'PP', 'C'),
('01Z225', 'TP', 'C'),
('01Z226', 'PP', 'C'),
('01Z226', 'TP', 'C'),
('01Z227', 'PP', 'C'),
('01Z227', 'TP', 'C'),
('01Z228', 'PP', 'C'),
('01Z228', 'TP', 'C'),
('01Z229', 'PP', 'C'),
('01Z229', 'TP', 'C'),
('01Z230', 'PP', 'C'),
('01Z230', 'TP', 'C'),
('01Z231', 'PP', 'C'),
('01Z231', 'TP', 'C'),
('01Z232', 'PP', 'C'),
('01Z232', 'TP', 'C'),
('01Z233', 'PP', 'C'),
('01Z233', 'TP', 'C'),
('01Z234', 'PP', 'C'),
('01Z234', 'TP', 'C'),
('01Z235', 'PP', 'C'),
('01Z235', 'TP', 'C'),
('01Z236', 'PP', 'C'),
('01Z236', 'TP', 'C'),
('01Z237', 'PP', 'C'),
('01Z237', 'TP', 'C'),
('01Z238', 'PP', 'C'),
('01Z238', 'TP', 'C'),
('01Z239', 'PP', 'C'),
('01Z239', 'TP', 'C'),
('01Z240', 'PP', 'C'),
('01Z240', 'TP', 'C'),
('01Z241', 'PP', 'C'),
('01Z241', 'TP', 'C'),
('01Z242', 'PP', 'C'),
('01Z242', 'TP', 'C'),
('01Z243', 'PP', 'C'),
('01Z243', 'TP', 'C'),
('01Z244', 'PP', 'C'),
('01Z244', 'TP', 'C'),
('01Z245', 'PP', 'C'),
('01Z245', 'TP', 'C'),
('01Z246', 'PP', 'C'),
('01Z246', 'TP', 'C'),
('01Z247', 'PP', 'C'),
('01Z247', 'TP', 'C'),
('01Z248', 'PP', 'C'),
('01Z248', 'TP', 'C'),
('01Z249', 'PP', 'C'),
('01Z249', 'TP', 'C'),
('01Z250', 'PP', 'C'),
('01Z250', 'TP', 'C'),
('01Z251', 'PP', 'C'),
('01Z251', 'TP', 'C'),
('01Z252', 'PP', 'C'),
('01Z252', 'TP', 'C'),
('01Z253', 'PP', 'C'),
('01Z253', 'TP', 'C'),
('01Z254', 'PP', 'C'),
('01Z254', 'TP', 'C'),
('01Z255', 'PP', 'C'),
('01Z255', 'TP', 'C'),
('01Z256', 'PP', 'C'),
('01Z256', 'TP', 'C'),
('01Z257', 'PP', 'C'),
('01Z257', 'TP', 'C'),
('01Z258', 'PP', 'C'),
('01Z258', 'TP', 'C'),
('01Z259', 'PP', 'C'),
('01Z259', 'TP', 'C'),
('01Z260', 'PP', 'C'),
('01Z260', 'TP', 'C'),
('01Z261', 'PP', 'C'),
('01Z261', 'TP', 'C'),
('01Z262', 'PP', 'C'),
('01Z262', 'TP', 'C'),
('01Z263', 'PP', 'C'),
('01Z263', 'TP', 'C'),
('01Z264', 'PP', 'C'),
('01Z264', 'TP', 'C'),
('01Z265', 'PP', 'C'),
('01Z265', 'TP', 'C'),
('01Z266', 'PP', 'C'),
('01Z266', 'TP', 'C'),
('01Z267', 'PP', 'C'),
('01Z267', 'TP', 'C'),
('01Z268', 'PP', 'C'),
('01Z268', 'TP', 'C'),
('01Z269', 'PP', 'C'),
('01Z269', 'TP', 'C'),
('01Z270', 'PP', 'C'),
('01Z270', 'TP', 'C'),
('01Z271', 'PP', 'C'),
('01Z271', 'TP', 'C'),
('01Z272', 'PP', 'C'),
('01Z272', 'TP', 'C'),
('01Z273', 'PP', 'C'),
('01Z273', 'TP', 'C'),
('01Z274', 'PP', 'C'),
('01Z274', 'TP', 'C'),
('01Z275', 'PP', 'C'),
('01Z275', 'TP', 'C'),
('01Z276', 'PP', 'C'),
('01Z276', 'TP', 'C'),
('01Z277', 'PP', 'C'),
('01Z277', 'TP', 'C'),
('01Z278', 'PP', 'C'),
('01Z278', 'TP', 'C'),
('01Z279', 'PP', 'C'),
('01Z279', 'TP', 'C'),
('01Z280', 'PP', 'C'),
('01Z280', 'TP', 'C'),
('01Z281', 'PP', 'C'),
('01Z281', 'TP', 'C'),
('01Z282', 'PP', 'C'),
('01Z282', 'TP', 'C'),
('01Z283', 'PP', 'C'),
('01Z283', 'TP', 'C'),
('01Z284', 'PP', 'C'),
('01Z284', 'TP', 'C'),
('01Z285', 'PP', 'C'),
('01Z285', 'TP', 'C'),
('01Z286', 'PP', 'C'),
('01Z286', 'TP', 'C'),
('01Z287', 'PP', 'C'),
('01Z287', 'TP', 'C'),
('01Z288', 'PP', 'C'),
('01Z288', 'TP', 'C'),
('01Z289', 'PP', 'C'),
('01Z289', 'TP', 'C'),
('01Z290', 'PP', 'C'),
('01Z290', 'TP', 'C'),
('01Z291', 'PP', 'C'),
('01Z291', 'TP', 'C'),
('01Z292', 'PP', 'C'),
('01Z292', 'TP', 'C'),
('01Z293', 'PP', 'C'),
('01Z293', 'TP', 'C'),
('01Z294', 'PP', 'C'),
('01Z294', 'TP', 'C'),
('01Z295', 'PP', 'C'),
('01Z295', 'TP', 'C'),
('01Z296', 'PP', 'C'),
('01Z296', 'TP', 'C'),
('01Z297', 'PP', 'C'),
('01Z297', 'TP', 'C'),
('01Z298', 'PP', 'C'),
('01Z298', 'TP', 'C'),
('01Z299', 'PP', 'C'),
('01Z299', 'TP', 'C'),
('01Z300', 'PP', 'C'),
('01Z300', 'TP', 'C'),
('01Z301', 'PP', 'C'),
('01Z301', 'TP', 'C'),
('01Z302', 'PP', 'C'),
('01Z302', 'TP', 'C'),
('01Z303', 'PP', 'C'),
('01Z303', 'TP', 'C'),
('01Z304', 'PP', 'C'),
('01Z304', 'TP', 'C'),
('01Z305', 'PP', 'C'),
('01Z305', 'TP', 'C'),
('01Z306', 'PP', 'C'),
('01Z306', 'TP', 'C'),
('01Z307', 'PP', 'C'),
('01Z307', 'TP', 'C'),
('01Z308', 'PP', 'C'),
('01Z308', 'TP', 'C'),
('01Z309', 'PP', 'C'),
('01Z309', 'TP', 'C'),
('01Z310', 'PP', 'C'),
('01Z310', 'TP', 'C'),
('01Z311', 'PP', 'C'),
('01Z311', 'TP', 'C'),
('01Z312', 'PP', 'C'),
('01Z312', 'TP', 'C'),
('01Z313', 'PP', 'C'),
('01Z313', 'TP', 'C'),
('01Z314', 'PP', 'C'),
('01Z314', 'TP', 'C'),
('01Z315', 'PP', 'C'),
('01Z315', 'TP', 'C'),
('01Z316', 'PP', 'C'),
('01Z316', 'TP', 'C'),
('01Z317', 'PP', 'C'),
('01Z317', 'TP', 'C'),
('01Z318', 'PP', 'C'),
('01Z318', 'TP', 'C'),
('01Z319', 'PP', 'C'),
('01Z319', 'TP', 'C'),
('01Z320', 'PP', 'C'),
('01Z320', 'TP', 'C'),
('01Z321', 'PP', 'C'),
('01Z321', 'TP', 'C'),
('01Z322', 'PP', 'C'),
('01Z322', 'TP', 'C'),
('01Z323', 'PP', 'C'),
('01Z323', 'TP', 'C'),
('01Z324', 'PP', 'C'),
('01Z324', 'TP', 'C'),
('01Z325', 'PP', 'C'),
('01Z325', 'TP', 'C'),
('01Z326', 'PP', 'C'),
('01Z326', 'TP', 'C'),
('01Z327', 'PP', 'C'),
('01Z327', 'TP', 'C'),
('01Z328', 'PP', 'C'),
('01Z328', 'TP', 'C'),
('01Z329', 'PP', 'C'),
('01Z329', 'TP', 'C'),
('01Z330', 'PP', 'C'),
('01Z330', 'TP', 'C'),
('01Z331', 'PP', 'C'),
('01Z331', 'TP', 'C'),
('01Z332', 'PP', 'C'),
('01Z332', 'TP', 'C'),
('01Z333', 'PP', 'C'),
('01Z333', 'TP', 'C'),
('01Z334', 'PP', 'C'),
('01Z334', 'TP', 'C'),
('01Z335', 'PP', 'C'),
('01Z335', 'TP', 'C'),
('01Z336', 'PP', 'C'),
('01Z336', 'TP', 'C'),
('01Z337', 'PP', 'C'),
('01Z337', 'TP', 'C'),
('01Z338', 'PP', 'C'),
('01Z338', 'TP', 'C'),
('01Z339', 'PP', 'C'),
('01Z339', 'TP', 'C'),
('01Z340', 'PP', 'C'),
('01Z340', 'TP', 'C'),
('01Z341', 'PP', 'C'),
('01Z341', 'TP', 'C'),
('01Z342', 'PP', 'C'),
('01Z342', 'TP', 'C'),
('01Z343', 'PP', 'C'),
('01Z343', 'TP', 'C'),
('01Z344', 'PP', 'C'),
('01Z344', 'TP', 'C'),
('01Z345', 'PP', 'C'),
('01Z345', 'TP', 'C'),
('01Z346', 'PP', 'C'),
('01Z346', 'TP', 'C'),
('01Z347', 'PP', 'C'),
('01Z347', 'TP', 'C'),
('01Z348', 'PP', 'C'),
('01Z348', 'TP', 'C'),
('01Z349', 'PP', 'C'),
('01Z349', 'TP', 'C'),
('01Z350', 'PP', 'C'),
('01Z350', 'TP', 'C'),
('01Z351', 'PP', 'C'),
('01Z351', 'TP', 'C'),
('01Z352', 'PP', 'C'),
('01Z352', 'TP', 'C'),
('01Z353', 'PP', 'C'),
('01Z353', 'TP', 'C'),
('01Z354', 'PP', 'C'),
('01Z354', 'TP', 'C'),
('01Z355', 'PP', 'C'),
('01Z355', 'TP', 'C'),
('01Z356', 'PP', 'C'),
('01Z356', 'TP', 'C'),
('01Z357', 'PP', 'C'),
('01Z357', 'TP', 'C'),
('01Z358', 'PP', 'C'),
('01Z358', 'TP', 'C'),
('01Z359', 'PP', 'C'),
('01Z359', 'TP', 'C'),
('01Z360', 'PP', 'C'),
('01Z360', 'TP', 'C'),
('01Z361', 'PP', 'C'),
('01Z361', 'TP', 'C'),
('01Z362', 'PP', 'C'),
('01Z362', 'TP', 'C'),
('01Z363', 'PP', 'C'),
('01Z363', 'TP', 'C'),
('01Z364', 'PP', 'C'),
('01Z364', 'TP', 'C'),
('01Z365', 'PP', 'C'),
('01Z365', 'TP', 'C'),
('01Z366', 'PP', 'C'),
('01Z366', 'TP', 'C'),
('01Z367', 'PP', 'C'),
('01Z367', 'TP', 'C'),
('01Z368', 'PP', 'C'),
('01Z368', 'TP', 'C'),
('01Z369', 'PP', 'C'),
('01Z369', 'TP', 'C'),
('01Z370', 'PP', 'C'),
('01Z370', 'TP', 'C'),
('01Z371', 'PP', 'C'),
('01Z371', 'TP', 'C'),
('01Z372', 'PP', 'C'),
('01Z372', 'TP', 'C'),
('01Z373', 'PP', 'C'),
('01Z373', 'TP', 'C'),
('01Z374', 'PP', 'C'),
('01Z374', 'TP', 'C'),
('01Z375', 'PP', 'C'),
('01Z375', 'TP', 'C'),
('01Z376', 'PP', 'C'),
('01Z376', 'TP', 'C'),
('01Z377', 'PP', 'C'),
('01Z377', 'TP', 'C'),
('01Z378', 'PP', 'C'),
('01Z378', 'TP', 'C'),
('01Z379', 'PP', 'C'),
('01Z379', 'TP', 'C'),
('01Z380', 'PP', 'C'),
('01Z380', 'TP', 'C'),
('01Z381', 'PP', 'C'),
('01Z381', 'TP', 'C'),
('01Z382', 'PP', 'C'),
('01Z382', 'TP', 'C'),
('01Z383', 'PP', 'C'),
('01Z383', 'TP', 'C'),
('01Z384', 'PP', 'C'),
('01Z384', 'TP', 'C'),
('01Z385', 'PP', 'C'),
('01Z385', 'TP', 'C'),
('01Z386', 'PP', 'C'),
('01Z386', 'TP', 'C'),
('01Z387', 'PP', 'C'),
('01Z387', 'TP', 'C'),
('01Z388', 'PP', 'C'),
('01Z388', 'TP', 'C'),
('01Z389', 'PP', 'C'),
('01Z389', 'TP', 'C'),
('01Z390', 'PP', 'C'),
('01Z390', 'TP', 'C'),
('01Z391', 'PP', 'C'),
('01Z391', 'TP', 'C'),
('01Z392', 'PP', 'C'),
('01Z392', 'TP', 'C'),
('01Z393', 'PP', 'C'),
('01Z393', 'TP', 'C'),
('01Z394', 'PP', 'C'),
('01Z394', 'TP', 'C'),
('01Z395', 'PP', 'C'),
('01Z395', 'TP', 'C'),
('01Z396', 'PP', 'C'),
('01Z396', 'TP', 'C'),
('01Z397', 'PP', 'C'),
('01Z397', 'TP', 'C'),
('01Z398', 'PP', 'C'),
('01Z398', 'TP', 'C'),
('01Z399', 'PP', 'C'),
('01Z399', 'TP', 'C'),
('01Z400', 'PP', 'C'),
('01Z400', 'TP', 'C'),
('01Z401', 'PP', 'C'),
('01Z401', 'TP', 'C'),
('01Z402', 'PP', 'C'),
('01Z402', 'TP', 'C'),
('01Z403', 'PP', 'C'),
('01Z403', 'TP', 'C'),
('01Z404', 'PP', 'C'),
('01Z404', 'TP', 'C'),
('01Z405', 'PP', 'C'),
('01Z405', 'TP', 'C'),
('01Z406', 'PP', 'C'),
('01Z406', 'TP', 'C'),
('01Z407', 'PP', 'C'),
('01Z407', 'TP', 'C'),
('01Z408', 'PP', 'C'),
('01Z408', 'TP', 'C'),
('01Z409', 'PP', 'C'),
('01Z409', 'TP', 'C'),
('01Z410', 'PP', 'C'),
('01Z410', 'TP', 'C'),
('01Z411', 'PP', 'C'),
('01Z411', 'TP', 'C'),
('01Z412', 'PP', 'C'),
('01Z412', 'TP', 'C'),
('01Z413', 'PP', 'C'),
('01Z413', 'TP', 'C'),
('01Z414', 'PP', 'C'),
('01Z414', 'TP', 'C'),
('01Z415', 'PP', 'C'),
('01Z415', 'TP', 'C'),
('01Z416', 'PP', 'C'),
('01Z416', 'TP', 'C'),
('01Z417', 'PP', 'C'),
('01Z417', 'TP', 'C'),
('01Z418', 'PP', 'C'),
('01Z418', 'TP', 'C'),
('01Z419', 'PP', 'C'),
('01Z419', 'TP', 'C'),
('01Z420', 'PP', 'C'),
('01Z420', 'TP', 'C');

-- --------------------------------------------------------

--
-- Table structure for table `bode`
--

CREATE TABLE `bode` (
  `mabode` varchar(20) COLLATE utf8_unicode_ci NOT NULL,
  `tenbode` varchar(300) COLLATE utf8_unicode_ci NOT NULL,
  `diemmax` float DEFAULT NULL,
  `mamodun` varchar(20) COLLATE utf8_unicode_ci NOT NULL
) ENGINE=InnoDB DEFAULT CHARSET=utf8 COLLATE=utf8_unicode_ci;

--
-- Dumping data for table `bode`
--

INSERT INTO `bode` (`mabode`, `tenbode`, `diemmax`, `mamodun`) VALUES
('TP01', 'Kiến thức về BIDV', 15, 'TP'),
('TP02', 'Năng lực quản lý', 25, 'TP'),
('TP03', 'Kiến thức quản lý', 60, 'TP');

-- --------------------------------------------------------

--
-- Table structure for table `cauhoi`
--

CREATE TABLE `cauhoi` (
  `macauhoi` varchar(20) COLLATE utf8_unicode_ci NOT NULL,
  `tencauhoi` varchar(2000) COLLATE utf8_unicode_ci NOT NULL,
  `dapan` varchar(2) COLLATE utf8_unicode_ci DEFAULT NULL,
  `paA` varchar(2000) COLLATE utf8_unicode_ci DEFAULT NULL,
  `paB` varchar(2000) COLLATE utf8_unicode_ci DEFAULT NULL,
  `paC` varchar(2000) COLLATE utf8_unicode_ci DEFAULT NULL,
  `paD` varchar(2000) COLLATE utf8_unicode_ci DEFAULT NULL,
  `paE` varchar(2000) COLLATE utf8_unicode_ci DEFAULT NULL,
  `paF` varchar(2000) COLLATE utf8_unicode_ci DEFAULT NULL,
  `imgviauTencauhoi` varchar(100) COLLATE utf8_unicode_ci DEFAULT NULL,
  `imgviaupaA` varchar(70) COLLATE utf8_unicode_ci DEFAULT NULL,
  `imgviaupaB` varchar(70) COLLATE utf8_unicode_ci DEFAULT NULL,
  `imgviaupaC` varchar(70) COLLATE utf8_unicode_ci DEFAULT NULL,
  `imgviaupaD` varchar(70) COLLATE utf8_unicode_ci DEFAULT NULL,
  `imgviaupaE` varchar(70) COLLATE utf8_unicode_ci DEFAULT NULL,
  `imgviaupaF` varchar(70) COLLATE utf8_unicode_ci DEFAULT NULL,
  `tron` int(1) DEFAULT NULL,
  `mucdo` varchar(40) COLLATE utf8_unicode_ci DEFAULT NULL,
  `sodiem` float DEFAULT NULL,
  `mabode` varchar(20) COLLATE utf8_unicode_ci NOT NULL
) ENGINE=InnoDB DEFAULT CHARSET=utf8 COLLATE=utf8_unicode_ci;

--
-- Dumping data for table `cauhoi`
--

INSERT INTO `cauhoi` (`macauhoi`, `tencauhoi`, `dapan`, `paA`, `paB`, `paC`, `paD`, `paE`, `paF`, `imgviauTencauhoi`, `imgviaupaA`, `imgviaupaB`, `imgviaupaC`, `imgviaupaD`, `imgviaupaE`, `imgviaupaF`, `tron`, `mucdo`, `sodiem`, `mabode`) VALUES
('Ql01', 'Đối với báo cáo kết quả thực hiện Thông báo kết luận, Chương trình, Chỉ thị, Công điện, Nghị quyết, Quyết định của HĐQT/Chủ tịch HĐQT (theo Quy chế giám sát của HĐQT ban hành kèm theo Quyết định số 1562/QĐ-HĐQT ), các chi nhánh thực hiện và gửi báo cáo theo tần suất như thế nào?', 'C', 'định kỳ hàng tuần (vào thứ 2 của tuần kế tiếp)', 'định kỳ hàng tháng (ngày 25 hàng tháng)', 'định kỳ Quý (ngày 25 tháng cuối cùng của Quý)', 'định kỳ năm (ngày 25/12 hàng năm)', 'Cả A và B đều đúng', 'Cả B và C đều đúng', NULL, NULL, NULL, NULL, NULL, NULL, NULL, 0, 'Dễ ', 1.5, 'TP01'),
('Ql02', 'Người có thẩm quyền quyết định dự án có Tổng mức đầu tư dưới 1 tỷ đồng là ai?', 'D', 'Tổng giám đốc', 'Phó Tổng Giám đốc phụ trách Ban QLTSNN', 'Phó Tổng Giám đốc phụ trách Ban QLDA khu vực', 'Giám đốc đơn vị thành viên ', '', '', NULL, NULL, NULL, NULL, NULL, NULL, NULL, 1, 'Dễ ', 1.5, 'TP01'),
('Ql03', 'Theo quy định, các đơn vị thực hiện các công việc nào nhằm chấn chỉnh khắc phục sau thanh tra, kiểm tra.', 'C', 'Thực hiện đầy đủ, kịp thời và đúng thời hạn các nội dung kiến nghị có thời hạn cụ thể được nêu trong kết luận thanh tra, kiểm tra, kiểm toán', 'Chủ động chấn chỉnh khắc phục các kiến nghị được nêu trong kết luận thanh tra, kiểm tra, kiểm toán theo thời gian và khả năng thực hiện của đơn vị', 'Xây dựng kế hoạch, biện pháp, thời gian cụ thể khắc phục các kiến nghị có thời hạn và các kiến nghị không có thời hạn nêu trong kết luận thanh tra, kiểm tra, kiểm toán', 'Không phải xây dựng kế hoạch khắc phục, định ký hàng quý báo cáo kết quả khắc phục gửi về HSC', 'Tất cả các phương án đều đúng', '', NULL, NULL, NULL, NULL, NULL, NULL, NULL, 0, 'Dễ ', 1.5, 'TP01'),
('Ql04', 'Theo quy định luật Tố cáo năm 2011, thời hạn giải quyết tố cáo đối với các vụ việc thông thường là bao nhiêu ngày?', 'C', '30 ngày kể từ ngày thụ lý giải quyết tố cáo', '45 ngày kể từ ngày thụ lý giải quyết tố cáo', '60 ngày kể từ ngày thụ lý giải quyết tố cáo', '90 ngày kể từ ngày thụ lý giải quyết tố cáo', '', '', NULL, NULL, NULL, NULL, NULL, NULL, NULL, 1, 'Khó', 1.5, 'TP01'),
('Ql05', 'Theo hướng dẫn của BIDV tại CV 813 /CV-HĐQT ngày 31/05/2013 thì bút phù thủy là loại bút như thế nào?', 'B', 'Có thể viết trên mọi chất liệu và mực được lưu giữ \ntrên chứng từ trong suốt thời gian lưu trữ chứng từ.', ' Có thể viết trên mọi chất liệu và mực sẽ tự phai mất màu sau khi viết từ 15 phút đến 24 tiếng, tùy theo chất liệu được viết lên', 'Có thể dùng tẩy để xóa mất màu mực', 'B và C đều đúng', '', '', NULL, NULL, NULL, NULL, NULL, NULL, NULL, 0, 'Khó', 1.5, 'TP01'),
('Ql06', 'Thời gian gần đây, trên thị trường Việt Nam có xuất hiện loại bút gọi là “ Bút phù thủy”. Bút phù thủy có thể viết được trên loại giấy nào?', 'D', 'Giấy Ford ( Giấy in A4)', 'Giấy in nhiệt', 'Giấy in màu', 'A và B', 'Tất cả các loại giấy', '', NULL, NULL, NULL, NULL, NULL, NULL, NULL, 0, 'Khó', 1.5, 'TP01'),
('Ql07', 'Khi phát hiện hoặc nghi ngờ khách hàng thực hiện thanh toán cho hoạt động mua, bán tiền điện tử/tiền ảo mà chưa được cơ quan Nhà nước có thẩm quyền cho phép, cán bộ cần xử lý như thế nào?', 'C', 'Từ chối thực hiện giao dịch do mọi giao dịch liên quan đến tiền điện tử/tiền ảo đều chưa được NHNN cho phép.', 'Thực hiện giao dịch theo yêu cầu của khách hàng.', 'Chi nhánh cần báo cáo kịp thời về trụ sở chính (qua Ban kiểm tra và giám sát ) dưới hình thức báo cáo giao dịch đáng ngờ kèm theo sao kê chi tiết giao dịch tài khoản và các chứng từ liên quan (nếu có)', 'Khéo léo giữ khách hàng và báo cáo cho công an gần nhất.', '', '', NULL, NULL, NULL, NULL, NULL, NULL, NULL, 1, 'Khó', 1.5, 'TP01'),
('Ql08', 'Đối với báo cáo kết quả thực hiện các chỉ đạo của HĐQT/Chủ tịch HĐQT (theo Quy chế giám sát của HĐQT ban hành kèm theo Quyết định số 1562/QĐ-HĐQT ), các chi nhánh thực hiện gửi theo địa chỉ nào?', 'D', 'mail gsth.bks@bidv.com.vn', 'ftp://ftpmb.bidvbank.bidv.com/FTPData/HoiSoChinh/HOISOCHINH/TKTH/Public/Theodoitiendo', 'ftp://ftpmb.bidvbank.bidv.com/FTPData/HoiSoChinh/HOISOCHINH/TKTH/Public/Theodoitiendo/1562', 'bản giấy trực tiếp', '', '', NULL, NULL, NULL, NULL, NULL, NULL, NULL, 1, 'Khó', 1.5, 'TP01'),
('Ql09', 'Trong các phương án dưới đây, phương án nào thể hiện bản chất của Ngân sách nhà nước?', 'C', 'Ngân sách nhà nước là một đạo luật dự trù các khoản thu, chi bằng tiền của Nhà nước trong một thời gian nhất định.', 'Mọi hoạt động của Ngân sách nhà nước đều là hoạt động phân phối các nguồn tài nguyên quốc gia (phân phối lần đầu và tái phân phối).', 'Cả hai phương án A, B đều đúng.', 'Cả hai phương án A, B đều sai.', '', '', NULL, NULL, NULL, NULL, NULL, NULL, NULL, 0, 'Khó', 1.5, 'TP01'),
('Ql10', 'Khí cười là khí gì?', 'C', '  H = OH2', 'NO', 'N20', 'N02', '', '', NULL, NULL, NULL, NULL, NULL, NULL, NULL, 1, 'Khó', 1.5, 'TP01'),
('Ql11', 'Nước chiếm bao nhiêu phần trăm khối lượng cơ thể?', 'D', '0.3', '0.4', '0.5', '0.7', '', '', NULL, NULL, NULL, NULL, NULL, NULL, NULL, 1, 'Khó', 2.5, 'TP02'),
('Ql12', 'Nguyên nhân chính gây ra ngộ độc khí than, Trên cơ sở tiếp thu ý kiến của các Chi nhánh đối với các nội dung liên quan đến đợt kiểm tra năng lực cán bộ KHCN tại Chi nhánh, Trường ĐTCB phối hợp với một số Ban/TT đầu mối nghiệp vụ đã tổ chức cuộc họp vào ngày 23/07/2014 để thảo luận và điều chỉnh một số nội dung liên quan đến đợt kiểm tra năng lực cán bộ KHCN và thống nhất điều chỉnh kết cấu đề thi nhằm đảm bảo tính phù hợp của kết cấu đề thi với nghiệp vụ mà cán bộ đang thực hiện, cụ thể như sau:\n- Điều chỉnh lại tỷ trọng các phần thi.\n- Bỏ Phần thi về “Các nội dung khác” (trừ nội dung “Chuyển tiền quốc tế qua kênh WU” và “Dịch vụ chuyển tiền”)\n', 'B', 'C02', 'C0', ' C03', 'C04', '', '', NULL, NULL, NULL, NULL, NULL, NULL, NULL, 1, 'Khó', 2.5, 'TP02'),
('Ql13', 'They…angry if you didn&#39;t visit them', 'A', 'would be', 'should be', 'would', 'should', '', '', NULL, NULL, NULL, NULL, NULL, NULL, NULL, 1, 'Khó', 2.5, 'TP02'),
('Ql14', 'What would you do if you…a million dollars?', 'B', 'win', 'won', 'had won', 'will win', '', '', NULL, NULL, NULL, NULL, NULL, NULL, NULL, 1, 'Khó', 2.5, 'TP02'),
('Ql15', 'what will happen if the air…?', 'C', 'was polluted', 'be polluted', 'is polluted', 'has polluted', '', '', NULL, NULL, NULL, NULL, NULL, NULL, NULL, 1, 'Khó', 2.5, 'TP02'),
('Ql16', 'I haven&#39;t talked to him ___ last week.', 'C', 'AFTER', 'FOR', 'SINCE', '', '', '', NULL, NULL, NULL, NULL, NULL, NULL, NULL, 1, 'Khó', 2.5, 'TP02'),
('Ql17', 'The fire died out ___ nine o&#39;clock.', 'A', 'AFTER', 'FOR', 'SINCE', '', '', '', NULL, NULL, NULL, NULL, NULL, NULL, NULL, 1, 'Khó', 2.5, 'TP02'),
('Ql18', 'These cherry trees have bloomed every spring ___ 1980.', 'C', 'AFTER', 'FOR', 'SINCE', '', '', '', NULL, NULL, NULL, NULL, NULL, NULL, NULL, 1, 'Khó', 2.5, 'TP02'),
('Ql19', 'The silence was suddenly ..... when a large car roared down the arcade.', 'A', 'broken', 'banned', 'abolished', 'postponed', '', '', NULL, NULL, NULL, NULL, NULL, NULL, NULL, 1, 'Khó', 2.5, 'TP02'),
('Ql20', 'Theatrical ..... and artificial blood had been used to make the injuries look realistic.', 'B', 'get-together', 'make-up', 'look-out', 'go- between', '', '', NULL, NULL, NULL, NULL, NULL, NULL, NULL, 1, 'Khó', 2.5, 'TP02'),
('Ql21', 'Call the repair person. The ……….. is tearing the paper again.', 'C', 'COFFEE ', 'PAPER', 'COPIER', 'DOCUMENT', '', '', NULL, NULL, NULL, NULL, NULL, NULL, NULL, 1, 'Khó', 3, 'TP03'),
('Ql22', 'He wouldn’t leave the platform ……………her train went out of sight.', 'B', 'so that ', 'until ', 'so   ', 'therefore', '', '', NULL, NULL, NULL, NULL, NULL, NULL, NULL, 1, 'Khó', 3, 'TP03'),
('Ql23', 'We had ……… stay out too late.', 'D', 'not rather', 'rather', 'not better', 'better not', '', '', NULL, NULL, NULL, NULL, NULL, NULL, NULL, 1, 'Khó', 3, 'TP03'),
('Ql24', 'Carry an umbrella ………..in case it should rain.', 'A', 'with you ', 'by you', 'with yourself   ', 'by yourself', '', '', NULL, NULL, NULL, NULL, NULL, NULL, NULL, 1, 'Dễ ', 3, 'TP03'),
('Ql25', ' The new computer game console has been a huge hit. Just before Christmas, you couldn&#39;t get one for __________.', 'C', ' gold ', ' diamonds ', ' love nor money', '', '', '', NULL, NULL, NULL, NULL, NULL, NULL, NULL, 1, 'Dễ ', 3, 'TP03'),
('Ql26', ' The publishers of School for Wizards have __________ the book&#39;s success, and have negotiated a series of lucrative merchandising deals.', 'B', ' maximised cash with ', ' cashed in on ', ' cashed up', '', '', '', NULL, NULL, NULL, NULL, NULL, NULL, NULL, 1, 'Dễ ', 3, 'TP03'),
('Ql27', ' In those days, you could buy a house for £50,000 and let it out for £800 a month. It was a licence to _________.', 'C', ' make money ', ' mint money ', ' print money', '', '', '', NULL, NULL, NULL, NULL, NULL, NULL, NULL, 1, 'Dễ ', 3, 'TP03'),
('Ql28', 'Kim loại có nhiệt độ nóng chảy cao nhất dùng làm dây tóc bóng đèn có ký hiệu là? ', 'D', 'Au ', 'Pt ', 'Cr ', 'W ', '', '', NULL, NULL, NULL, NULL, NULL, NULL, NULL, 1, 'Dễ ', 3, 'TP03'),
('Ql29', 'Trong cùng một điều kiện bình thường như nhau nhưng khi cầm tay vào thanh kim loại lại lạnh hơn khi cầm tay vào thanh gỗ do: ', 'A', 'Kim loại hấp thụ nhiệt và dẫn nhiệt tốt hơn nhiều so với gỗ ', 'Bản chất kim loại là mát, lạnh ', 'Bản chất của gỗ là nóng, ẩm ', 'Gỗ hấp thụ nhiệt từ môi trường nhanh hơn kim loại ', '', '', NULL, NULL, NULL, NULL, NULL, NULL, NULL, 1, 'Khó', 3, 'TP03'),
('Ql30', 'Tôn lợp nhà thường là kim loại nào dưới đây? ', 'A', 'Sắt tráng kẽm ', 'Sắt tráng thiếc ', 'Sắt tráng magie ', 'Sắt nguyên chất ', '', '', NULL, NULL, NULL, NULL, NULL, NULL, NULL, 1, 'Khó', 3, 'TP03'),
('Ql31', 'Người ta có thể bảo vệ vỏ tàu biển bằng thép bằng cách gắn những tấm kẽm vào vỏ tàu ở phần chìm trong nước biển (nước biển là dung dịch chất điện li) vì: ', 'A', 'Thép là cực dương, không bị ăn mòn. Kẽm là cực âm, bị ăn mòn. ', 'Thép là cực âm, không bị ăn mòn. Kẽm là cực dương, bị ăn mòn. ', 'Kẽm ngăn thép tiếp xúc với nước biển nên thép không tác dụng được với nước. ', 'Kẽm ngăn thép tiếp xúc với nước  nên thép không tác dụng được với các chất có trong nước biển. ', '', '', NULL, NULL, NULL, NULL, NULL, NULL, NULL, 1, 'Khó', 3, 'TP03'),
('Ql32', 'Nước cứng không gây tác hại nào sau đây? ', 'C', 'Làm giảm khả năng tẩy rửa của xà phòng, làm cho quần áo mau mục nát. ', 'Gây lãng phí nhiên liệu và mất an toàn cho các nồi hơi, làm tắc các đường ống nước nóng. ', 'Gây ngộ độc cho nước uống. ', 'Làm hỏng dung dịch pha chế, làm thực phẩm lâu chín và giảm mùi vị của thực phẩm. ', '', '', NULL, NULL, NULL, NULL, NULL, NULL, NULL, 1, 'Khó', 3, 'TP03'),
('Ql33', 'Người ta thường cho phèn chua vào nước nhằm mục đích: ', 'A', 'Làm trong nước ', 'Làm mềm nước ', 'Khử mùi ', 'Diệt trùng trong nước ', '', '', NULL, NULL, NULL, NULL, NULL, NULL, NULL, 1, 'Khó', 3, 'TP03'),
('Ql34', 'Trong số các cặp kim loại sau đây, cặp nào có tính chất bền vững trong không khí, nước, nhờ có lớp màng oxit rất mỏng, rất bền vững bảo vệ? ', 'C', 'Fe và Al ', 'Fe và Cr ', 'Al và Cr ', 'Mn và Al ', '', '', NULL, NULL, NULL, NULL, NULL, NULL, NULL, 1, 'Khó', 3, 'TP03'),
('Ql35', 'Ấm đun nước lâu ngày thường có một lớp cặn vôi dưới đáy. Để khử cặn, có thể dùng giấm pha vào nước trong ấm vài tiếng rồi súc sạch. Tại sao muốn khử cặn lại làm như vậy? ', 'A', 'Cặn vôi là canxi cacbonat. Muốn khử cặn thì phải chuyển canxi cacbonat thành hợp chất tan. ', 'Cặn vôi là canxi cacbonat. Muốn khử cặn thì phải chuyển canxi cacbonat thành hợp chất không tan. ', 'Cặn vôi là canxi sunfat. Giấm giúp cho cặn vôi không được bám vào ấm. ', 'Cặn vôi là canxi sunfat. Muốn khử cặn phải chuyển canxi sunfat thành hợp chất không tan. ', '', '', NULL, NULL, NULL, NULL, NULL, NULL, NULL, 1, 'Khó', 3, 'TP03'),
('Ql36', 'Chọn câu sai: Đồ ăn uống có chất chua không nên nấu hoặc đựng trong các đồ dùng bằng kim loại như nhôm hoặc gang vì nguyên nhân nào sau đây? ', 'C', 'Thức ăn bị nhiễm kim loại gây ảnh hưởng xấu tới sức khỏe người sử dụng ', 'Các dụng cụ nấu ăn bị hỏng do kim loại bị ăn mòn. ', 'Thức ăn có chất chua sẽ có vị chat nếu nấu trong nồi bằng nhôm hoặc gang. ', 'Cả A và B đều đúng. ', '', '', NULL, NULL, NULL, NULL, NULL, NULL, NULL, 0, 'Khó', 3, 'TP03'),
('Ql37', 'Để rót nước sôi vào cốc thủy tinh mà cốc nước không bị nứt người ta thường bỏ thêm chiếc thìa nhôm vào cốc trước khi rót nước vì nguyên nhân chính nào sau đây? ', 'A', 'Nhôm là chất thu nhiệt và giữ nhiệt tốt, vì vậy sẽ thu một lượng nhiệt lớn của nước làm cốc không bị thay đổi nhiệt độ nhiều. ', 'Nhôm làm cho nước sôi nguội nhanh nên cốc khó bị nứt ', 'Nhôm là kim loại lạnh, tỏa hơi lạnh làm mát nước nên cốc khó bị nứt ', 'Đó là theo kinh nghiệm chưa giải thích được. ', '', '', NULL, NULL, NULL, NULL, NULL, NULL, NULL, 1, 'Dễ ', 3, 'TP03'),
('Ql38', 'Khi luộc rau muống, ta thường vắt chanh vào nước rau để làm canh. Lợi ích khoa học của việc làm này là: ', 'D', 'Tăng hấp thu canxi có trong nước rau muống. ', 'Nước rau trở nên ngon hơn, không cần nấu thêm canh. ', 'Tăng hấp thu magie có trong nước rau muống. ', 'Tăng hấp thu sắt có trong nước rau muống. ', '', '', NULL, NULL, NULL, NULL, NULL, NULL, NULL, 1, 'Dễ ', 3, 'TP03'),
('Ql39', 'Người ta thường sử dụng đồng tinh khiết làm dây dẫn điện, mà không dùng các hợp kim của đồng như đồng thau, đồng thiếc … vì nguyên nhân nào sau đây? ', 'A', 'Hợp kim của đồng dẫn điện kém hơn đồng tinh khiết. ', 'Hợp kim của đồng quá cứng, khó khăn trong việc sản xuất dây điện. ', 'Hợp kim của đồng quá đắt tiền. ', 'Đồng có màu đỏ, đẹp, mềm nên được ưa chuộng. ', '', '', NULL, NULL, NULL, NULL, NULL, NULL, NULL, 1, 'Dễ ', 3, 'TP03'),
('Ql40', 'Mô tả ứng dụng nào của nhôm dưới đây là chưa chính xác? ', 'A', 'Làm vật liệu chế tạo ô tô, máy bay, tên lửa, tàu vũ trụ. ', 'Làm khung cửa, trang trí nội thất và mạ đồ trang sức. ', 'Làm dây dẫn điện, thiết bị trao đổi nhiệt, dụng cụ nấu ăn trong gia đình. ', 'Chế tạo hỗn hợp tecmit, được dùng để hàn gắn đường ray. ', '', '', NULL, NULL, NULL, NULL, NULL, NULL, NULL, 1, 'Dễ ', 3, 'TP03');

-- --------------------------------------------------------

--
-- Table structure for table `dethiprofile`
--

CREATE TABLE `dethiprofile` (
  `id` varchar(15) COLLATE utf8_unicode_ci NOT NULL,
  `cauhoi` varchar(20) COLLATE utf8_unicode_ci DEFAULT NULL,
  `pmucdo` tinyint(2) DEFAULT NULL,
  `soluong` tinyint(4) DEFAULT NULL,
  `mamodun` varchar(20) COLLATE utf8_unicode_ci NOT NULL
) ENGINE=InnoDB DEFAULT CHARSET=utf8 COLLATE=utf8_unicode_ci;

--
-- Dumping data for table `dethiprofile`
--

INSERT INTO `dethiprofile` (`id`, `cauhoi`, `pmucdo`, `soluong`, `mamodun`) VALUES
('TP-0', 'TP01', 0, 3, 'TP'),
('TP-1', 'TP01', 1, 0, 'TP'),
('TP-2', 'TP01', 2, 7, 'TP'),
('TP-3', 'TP02', 0, 0, 'TP'),
('TP-4', 'TP02', 1, 0, 'TP'),
('TP-5', 'TP02', 2, 10, 'TP'),
('TP-6', 'TP03', 0, 9, 'TP'),
('TP-7', 'TP03', 1, 0, 'TP'),
('TP-8', 'TP03', 2, 11, 'TP');

-- --------------------------------------------------------

--
-- Table structure for table `dethisinh`
--

CREATE TABLE `dethisinh` (
  `sbd` varchar(20) COLLATE utf8_unicode_ci NOT NULL,
  `macauhoi` varchar(20) COLLATE utf8_unicode_ci NOT NULL,
  `socau` smallint(6) DEFAULT NULL,
  `dapan` varchar(1) COLLATE utf8_unicode_ci DEFAULT NULL,
  `dapanA` varchar(2000) COLLATE utf8_unicode_ci DEFAULT NULL,
  `dapanB` varchar(2000) COLLATE utf8_unicode_ci DEFAULT NULL,
  `dapanC` varchar(2000) COLLATE utf8_unicode_ci DEFAULT NULL,
  `dapanD` varchar(2000) COLLATE utf8_unicode_ci DEFAULT NULL,
  `dapanE` varchar(2000) COLLATE utf8_unicode_ci DEFAULT NULL,
  `dapanF` varchar(2000) COLLATE utf8_unicode_ci DEFAULT NULL,
  `imgviaupaA` varchar(70) COLLATE utf8_unicode_ci DEFAULT NULL,
  `imgviaupaB` varchar(70) CHARACTER SET utf8mb4 COLLATE utf8mb4_unicode_ci DEFAULT NULL,
  `imgviaupaC` varchar(70) COLLATE utf8_unicode_ci DEFAULT NULL,
  `imgviaupaD` varchar(70) COLLATE utf8_unicode_ci DEFAULT NULL,
  `imgviaupaE` varchar(70) COLLATE utf8_unicode_ci DEFAULT NULL,
  `imgviaupaF` varchar(70) COLLATE utf8_unicode_ci DEFAULT NULL,
  `temp` varchar(2) COLLATE utf8_unicode_ci DEFAULT NULL,
  `mamodun` varchar(20) COLLATE utf8_unicode_ci NOT NULL
) ENGINE=InnoDB DEFAULT CHARSET=utf8 COLLATE=utf8_unicode_ci;

--
-- Dumping data for table `dethisinh`
--

INSERT INTO `dethisinh` (`sbd`, `macauhoi`, `socau`, `dapan`, `dapanA`, `dapanB`, `dapanC`, `dapanD`, `dapanE`, `dapanF`, `imgviaupaA`, `imgviaupaB`, `imgviaupaC`, `imgviaupaD`, `imgviaupaE`, `imgviaupaF`, `temp`, `mamodun`) VALUES
('01Z001', 'Ql01', 10, 'C', 'định kỳ hàng tuần (vào thứ 2 của tuần kế tiếp)', 'định kỳ hàng tháng (ngày 25 hàng tháng)', 'định kỳ Quý (ngày 25 tháng cuối cùng của Quý)', 'định kỳ năm (ngày 25/12 hàng năm)', 'Cả A và B đều đúng', 'Cả B và C đều đúng', '', '', '', '', '', '', 'C', 'TP'),
('01Z001', 'Ql02', 4, 'B', 'Phó Tổng Giám đốc phụ trách Ban QLDA khu vực', 'Giám đốc đơn vị thành viên ', 'Phó Tổng Giám đốc phụ trách Ban QLTSNN', 'Tổng giám đốc', NULL, NULL, '', '', '', '', NULL, NULL, 'B', 'TP'),
('01Z001', 'Ql03', 1, 'C', 'Thực hiện đầy đủ, kịp thời và đúng thời hạn các nội dung kiến nghị có thời hạn cụ thể được nêu trong kết luận thanh tra, kiểm tra, kiểm toán', 'Chủ động chấn chỉnh khắc phục các kiến nghị được nêu trong kết luận thanh tra, kiểm tra, kiểm toán theo thời gian và khả năng thực hiện của đơn vị', 'Xây dựng kế hoạch, biện pháp, thời gian cụ thể khắc phục các kiến nghị có thời hạn và các kiến nghị không có thời hạn nêu trong kết luận thanh tra, kiểm tra, kiểm toán', 'Không phải xây dựng kế hoạch khắc phục, định ký hàng quý báo cáo kết quả khắc phục gửi về HSC', 'Tất cả các phương án đều đúng', '', '', '', '', '', '', '', 'A', 'TP'),
('01Z001', 'Ql04', 7, 'A', '60 ngày kể từ ngày thụ lý giải quyết tố cáo', '45 ngày kể từ ngày thụ lý giải quyết tố cáo', '30 ngày kể từ ngày thụ lý giải quyết tố cáo', '90 ngày kể từ ngày thụ lý giải quyết tố cáo', NULL, NULL, '', '', '', '', NULL, NULL, 'C', 'TP'),
('01Z001', 'Ql05', 6, 'B', 'Có thể viết trên mọi chất liệu và mực được lưu giữ \ntrên chứng từ trong suốt thời gian lưu trữ chứng từ.', ' Có thể viết trên mọi chất liệu và mực sẽ tự phai mất màu sau khi viết từ 15 phút đến 24 tiếng, tùy theo chất liệu được viết lên', 'Có thể dùng tẩy để xóa mất màu mực', 'B và C đều đúng', '', '', '', '', '', '', '', '', 'B', 'TP'),
('01Z001', 'Ql06', 8, 'D', 'Giấy Ford ( Giấy in A4)', 'Giấy in nhiệt', 'Giấy in màu', 'A và B', 'Tất cả các loại giấy', '', '', '', '', '', '', '', 'D', 'TP'),
('01Z001', 'Ql07', 3, 'A', 'Chi nhánh cần báo cáo kịp thời về trụ sở chính (qua Ban kiểm tra và giám sát ) dưới hình thức báo cáo giao dịch đáng ngờ kèm theo sao kê chi tiết giao dịch tài khoản và các chứng từ liên quan (nếu có)', 'Thực hiện giao dịch theo yêu cầu của khách hàng.', 'Từ chối thực hiện giao dịch do mọi giao dịch liên quan đến tiền điện tử/tiền ảo đều chưa được NHNN cho phép.', 'Khéo léo giữ khách hàng và báo cáo cho công an gần nhất.', NULL, NULL, '', '', '', '', NULL, NULL, 'A', 'TP'),
('01Z001', 'Ql08', 5, 'B', 'ftp://ftpmb.bidvbank.bidv.com/FTPData/HoiSoChinh/HOISOCHINH/TKTH/Public/Theodoitiendo/1562', 'bản giấy trực tiếp', 'ftp://ftpmb.bidvbank.bidv.com/FTPData/HoiSoChinh/HOISOCHINH/TKTH/Public/Theodoitiendo', 'mail gsth.bks@bidv.com.vn', NULL, NULL, '', '', '', '', NULL, NULL, 'C', 'TP'),
('01Z001', 'Ql09', 2, 'C', 'Ngân sách nhà nước là một đạo luật dự trù các khoản thu, chi bằng tiền của Nhà nước trong một thời gian nhất định.', 'Mọi hoạt động của Ngân sách nhà nước đều là hoạt động phân phối các nguồn tài nguyên quốc gia (phân phối lần đầu và tái phân phối).', 'Cả hai phương án A, B đều đúng.', 'Cả hai phương án A, B đều sai.', '', '', '', '', '', '', '', '', 'B', 'TP'),
('01Z001', 'Ql10', 9, 'B', 'NO', 'N20', '  H = OH2', 'N02', NULL, NULL, '', '', '', '', NULL, NULL, 'B', 'TP'),
('01Z001', 'Ql11', 20, 'B', '0.5', '0.7', '0.4', '0.3', NULL, NULL, '', '', '', '', NULL, NULL, 'C', 'TP'),
('01Z001', 'Ql12', 13, 'D', ' C03', 'C02', 'C04', 'C0', NULL, NULL, '', '', '', '', NULL, NULL, 'B', 'TP'),
('01Z001', 'Ql13', 18, 'C', 'should be', 'should', 'would be', 'would', NULL, NULL, '', '', '', '', NULL, NULL, 'B', 'TP'),
('01Z001', 'Ql14', 15, 'A', 'won', 'win', 'had won', 'will win', NULL, NULL, '', '', '', '', NULL, NULL, 'C', 'TP'),
('01Z001', 'Ql15', 11, 'D', 'has polluted', 'was polluted', 'be polluted', 'is polluted', NULL, NULL, '', '', '', '', NULL, NULL, 'C', 'TP'),
('01Z001', 'Ql16', 16, 'B', 'FOR', 'SINCE', 'AFTER', '', NULL, NULL, '', '', '', '', NULL, NULL, 'C', 'TP'),
('01Z001', 'Ql17', 17, 'B', 'SINCE', 'AFTER', 'FOR', '', NULL, NULL, '', '', '', '', NULL, NULL, 'B', 'TP'),
('01Z001', 'Ql18', 14, 'C', 'FOR', 'AFTER', 'SINCE', '', NULL, NULL, '', '', '', '', NULL, NULL, 'C', 'TP'),
('01Z001', 'Ql19', 19, 'D', 'postponed', 'abolished', 'banned', 'broken', NULL, NULL, '', '', '', '', NULL, NULL, 'C', 'TP'),
('01Z001', 'Ql20', 12, 'A', 'make-up', 'get-together', 'look-out', 'go- between', NULL, NULL, '', '', '', '', NULL, NULL, 'C', 'TP'),
('01Z001', 'Ql21', 35, 'D', 'DOCUMENT', 'COFFEE ', 'PAPER', 'COPIER', NULL, NULL, '', '', '', '', NULL, NULL, 'C', 'TP'),
('01Z001', 'Ql22', 21, 'C', 'so   ', 'therefore', 'until ', 'so that ', NULL, NULL, '', '', '', '', NULL, NULL, 'C', 'TP'),
('01Z001', 'Ql23', 34, 'C', 'not better', 'not rather', 'better not', 'rather', NULL, NULL, '', '', '', '', NULL, NULL, 'B', 'TP'),
('01Z001', 'Ql24', 29, 'A', 'with you ', 'by you', 'with yourself   ', 'by yourself', NULL, NULL, '', '', '', '', NULL, NULL, 'B', 'TP'),
('01Z001', 'Ql25', 23, 'A', ' love nor money', ' diamonds ', ' gold ', '', NULL, NULL, '', '', '', '', NULL, NULL, 'A', 'TP'),
('01Z001', 'Ql26', 30, 'B', ' cashed up', ' cashed in on ', ' maximised cash with ', '', NULL, NULL, '', '', '', '', NULL, NULL, 'C', 'TP'),
('01Z001', 'Ql27', 38, 'D', '', ' make money ', ' mint money ', ' print money', NULL, NULL, '', '', '', '', NULL, NULL, NULL, 'TP'),
('01Z001', 'Ql28', 24, 'B', 'Cr ', 'W ', 'Pt ', 'Au ', NULL, NULL, '', '', '', '', NULL, NULL, 'C', 'TP'),
('01Z001', 'Ql29', 25, 'B', 'Bản chất của gỗ là nóng, ẩm ', 'Kim loại hấp thụ nhiệt và dẫn nhiệt tốt hơn nhiều so với gỗ ', 'Bản chất kim loại là mát, lạnh ', 'Gỗ hấp thụ nhiệt từ môi trường nhanh hơn kim loại ', NULL, NULL, '', '', '', '', NULL, NULL, 'D', 'TP'),
('01Z001', 'Ql30', 33, 'D', 'Sắt nguyên chất ', 'Sắt tráng magie ', 'Sắt tráng thiếc ', 'Sắt tráng kẽm ', NULL, NULL, '', '', '', '', NULL, NULL, 'C', 'TP'),
('01Z001', 'Ql31', 26, 'A', 'Thép là cực dương, không bị ăn mòn. Kẽm là cực âm, bị ăn mòn. ', 'Thép là cực âm, không bị ăn mòn. Kẽm là cực dương, bị ăn mòn. ', 'Kẽm ngăn thép tiếp xúc với nước biển nên thép không tác dụng được với nước. ', 'Kẽm ngăn thép tiếp xúc với nước  nên thép không tác dụng được với các chất có trong nước biển. ', NULL, NULL, '', '', '', '', NULL, NULL, 'C', 'TP'),
('01Z001', 'Ql32', 31, 'C', 'Gây lãng phí nhiên liệu và mất an toàn cho các nồi hơi, làm tắc các đường ống nước nóng. ', 'Làm giảm khả năng tẩy rửa của xà phòng, làm cho quần áo mau mục nát. ', 'Gây ngộ độc cho nước uống. ', 'Làm hỏng dung dịch pha chế, làm thực phẩm lâu chín và giảm mùi vị của thực phẩm. ', NULL, NULL, '', '', '', '', NULL, NULL, 'C', 'TP'),
('01Z001', 'Ql33', 37, 'D', 'Diệt trùng trong nước ', 'Khử mùi ', 'Làm mềm nước ', 'Làm trong nước ', NULL, NULL, '', '', '', '', NULL, NULL, 'B', 'TP'),
('01Z001', 'Ql34', 32, 'D', 'Mn và Al ', 'Fe và Al ', 'Fe và Cr ', 'Al và Cr ', NULL, NULL, '', '', '', '', NULL, NULL, 'B', 'TP'),
('01Z001', 'Ql35', 28, 'C', 'Cặn vôi là canxi cacbonat. Muốn khử cặn thì phải chuyển canxi cacbonat thành hợp chất không tan. ', 'Cặn vôi là canxi sunfat. Muốn khử cặn phải chuyển canxi sunfat thành hợp chất không tan. ', 'Cặn vôi là canxi cacbonat. Muốn khử cặn thì phải chuyển canxi cacbonat thành hợp chất tan. ', 'Cặn vôi là canxi sunfat. Giấm giúp cho cặn vôi không được bám vào ấm. ', NULL, NULL, '', '', '', '', NULL, NULL, NULL, 'TP'),
('01Z001', 'Ql36', 40, 'C', 'Thức ăn bị nhiễm kim loại gây ảnh hưởng xấu tới sức khỏe người sử dụng ', 'Các dụng cụ nấu ăn bị hỏng do kim loại bị ăn mòn. ', 'Thức ăn có chất chua sẽ có vị chat nếu nấu trong nồi bằng nhôm hoặc gang. ', 'Cả A và B đều đúng. ', '', '', '', '', '', '', '', '', 'C', 'TP'),
('01Z001', 'Ql37', 39, 'C', 'Nhôm làm cho nước sôi nguội nhanh nên cốc khó bị nứt ', 'Đó là theo kinh nghiệm chưa giải thích được. ', 'Nhôm là chất thu nhiệt và giữ nhiệt tốt, vì vậy sẽ thu một lượng nhiệt lớn của nước làm cốc không bị thay đổi nhiệt độ nhiều. ', 'Nhôm là kim loại lạnh, tỏa hơi lạnh làm mát nước nên cốc khó bị nứt ', NULL, NULL, '', '', '', '', NULL, NULL, 'C', 'TP'),
('01Z001', 'Ql38', 36, 'A', 'Tăng hấp thu sắt có trong nước rau muống. ', 'Nước rau trở nên ngon hơn, không cần nấu thêm canh. ', 'Tăng hấp thu magie có trong nước rau muống. ', 'Tăng hấp thu canxi có trong nước rau muống. ', NULL, NULL, '', '', '', '', NULL, NULL, 'B', 'TP'),
('01Z001', 'Ql39', 22, 'A', 'Hợp kim của đồng dẫn điện kém hơn đồng tinh khiết. ', 'Hợp kim của đồng quá cứng, khó khăn trong việc sản xuất dây điện. ', 'Hợp kim của đồng quá đắt tiền. ', 'Đồng có màu đỏ, đẹp, mềm nên được ưa chuộng. ', NULL, NULL, '', '', '', '', NULL, NULL, 'B', 'TP'),
('01Z001', 'Ql40', 27, 'C', 'Làm khung cửa, trang trí nội thất và mạ đồ trang sức. ', 'Chế tạo hỗn hợp tecmit, được dùng để hàn gắn đường ray. ', 'Làm vật liệu chế tạo ô tô, máy bay, tên lửa, tàu vũ trụ. ', 'Làm dây dẫn điện, thiết bị trao đổi nhiệt, dụng cụ nấu ăn trong gia đình. ', NULL, NULL, '', '', '', '', NULL, NULL, 'D', 'TP'),
('01Z002', 'Ql01', 3, 'C', 'định kỳ hàng tuần (vào thứ 2 của tuần kế tiếp)', 'định kỳ hàng tháng (ngày 25 hàng tháng)', 'định kỳ Quý (ngày 25 tháng cuối cùng của Quý)', 'định kỳ năm (ngày 25/12 hàng năm)', 'Cả A và B đều đúng', 'Cả B và C đều đúng', '', '', '', '', '', '', 'A', 'TP'),
('01Z002', 'Ql02', 2, 'B', 'Phó Tổng Giám đốc phụ trách Ban QLDA khu vực', 'Giám đốc đơn vị thành viên ', 'Phó Tổng Giám đốc phụ trách Ban QLTSNN', 'Tổng giám đốc', NULL, NULL, '', '', '', '', NULL, NULL, 'C', 'TP'),
('01Z002', 'Ql03', 10, 'C', 'Thực hiện đầy đủ, kịp thời và đúng thời hạn các nội dung kiến nghị có thời hạn cụ thể được nêu trong kết luận thanh tra, kiểm tra, kiểm toán', 'Chủ động chấn chỉnh khắc phục các kiến nghị được nêu trong kết luận thanh tra, kiểm tra, kiểm toán theo thời gian và khả năng thực hiện của đơn vị', 'Xây dựng kế hoạch, biện pháp, thời gian cụ thể khắc phục các kiến nghị có thời hạn và các kiến nghị không có thời hạn nêu trong kết luận thanh tra, kiểm tra, kiểm toán', 'Không phải xây dựng kế hoạch khắc phục, định ký hàng quý báo cáo kết quả khắc phục gửi về HSC', 'Tất cả các phương án đều đúng', '', '', '', '', '', '', '', 'B', 'TP'),
('01Z002', 'Ql04', 6, 'B', '45 ngày kể từ ngày thụ lý giải quyết tố cáo', '60 ngày kể từ ngày thụ lý giải quyết tố cáo', '30 ngày kể từ ngày thụ lý giải quyết tố cáo', '90 ngày kể từ ngày thụ lý giải quyết tố cáo', NULL, NULL, '', '', '', '', NULL, NULL, 'B', 'TP'),
('01Z002', 'Ql05', 4, 'B', 'Có thể viết trên mọi chất liệu và mực được lưu giữ \ntrên chứng từ trong suốt thời gian lưu trữ chứng từ.', ' Có thể viết trên mọi chất liệu và mực sẽ tự phai mất màu sau khi viết từ 15 phút đến 24 tiếng, tùy theo chất liệu được viết lên', 'Có thể dùng tẩy để xóa mất màu mực', 'B và C đều đúng', '', '', '', '', '', '', '', '', 'D', 'TP'),
('01Z002', 'Ql06', 8, 'D', 'Giấy Ford ( Giấy in A4)', 'Giấy in nhiệt', 'Giấy in màu', 'A và B', 'Tất cả các loại giấy', '', '', '', '', '', '', '', 'A', 'TP'),
('01Z002', 'Ql07', 1, 'D', 'Khéo léo giữ khách hàng và báo cáo cho công an gần nhất.', 'Từ chối thực hiện giao dịch do mọi giao dịch liên quan đến tiền điện tử/tiền ảo đều chưa được NHNN cho phép.', 'Thực hiện giao dịch theo yêu cầu của khách hàng.', 'Chi nhánh cần báo cáo kịp thời về trụ sở chính (qua Ban kiểm tra và giám sát ) dưới hình thức báo cáo giao dịch đáng ngờ kèm theo sao kê chi tiết giao dịch tài khoản và các chứng từ liên quan (nếu có)', NULL, NULL, '', '', '', '', NULL, NULL, 'A', 'TP'),
('01Z002', 'Ql08', 9, 'A', 'bản giấy trực tiếp', 'ftp://ftpmb.bidvbank.bidv.com/FTPData/HoiSoChinh/HOISOCHINH/TKTH/Public/Theodoitiendo', 'ftp://ftpmb.bidvbank.bidv.com/FTPData/HoiSoChinh/HOISOCHINH/TKTH/Public/Theodoitiendo/1562', 'mail gsth.bks@bidv.com.vn', NULL, NULL, '', '', '', '', NULL, NULL, 'B', 'TP'),
('01Z002', 'Ql09', 7, 'C', 'Ngân sách nhà nước là một đạo luật dự trù các khoản thu, chi bằng tiền của Nhà nước trong một thời gian nhất định.', 'Mọi hoạt động của Ngân sách nhà nước đều là hoạt động phân phối các nguồn tài nguyên quốc gia (phân phối lần đầu và tái phân phối).', 'Cả hai phương án A, B đều đúng.', 'Cả hai phương án A, B đều sai.', '', '', '', '', '', '', '', '', 'C', 'TP'),
('01Z002', 'Ql10', 5, 'D', 'N02', '  H = OH2', 'NO', 'N20', NULL, NULL, '', '', '', '', NULL, NULL, 'B', 'TP'),
('01Z002', 'Ql11', 12, 'C', '0.5', '0.3', '0.7', '0.4', NULL, NULL, '', '', '', '', NULL, NULL, 'B', 'TP'),
('01Z002', 'Ql12', 16, 'C', ' C03', 'C04', 'C0', 'C02', NULL, NULL, '', '', '', '', NULL, NULL, 'B', 'TP'),
('01Z002', 'Ql13', 11, 'C', 'should be', 'should', 'would be', 'would', NULL, NULL, '', '', '', '', NULL, NULL, 'B', 'TP'),
('01Z002', 'Ql14', 20, 'A', 'won', 'win', 'had won', 'will win', NULL, NULL, '', '', '', '', NULL, NULL, 'A', 'TP'),
('01Z002', 'Ql15', 17, 'A', 'is polluted', 'be polluted', 'was polluted', 'has polluted', NULL, NULL, '', '', '', '', NULL, NULL, 'B', 'TP'),
('01Z002', 'Ql16', 19, 'A', 'SINCE', 'FOR', 'AFTER', '', NULL, NULL, '', '', '', '', NULL, NULL, 'B', 'TP'),
('01Z002', 'Ql17', 13, 'D', '', 'SINCE', 'FOR', 'AFTER', NULL, NULL, '', '', '', '', NULL, NULL, NULL, 'TP'),
('01Z002', 'Ql18', 18, 'D', '', 'AFTER', 'FOR', 'SINCE', NULL, NULL, '', '', '', '', NULL, NULL, NULL, 'TP'),
('01Z002', 'Ql19', 14, 'C', 'banned', 'postponed', 'broken', 'abolished', NULL, NULL, '', '', '', '', NULL, NULL, 'B', 'TP'),
('01Z002', 'Ql20', 15, 'C', 'look-out', 'go- between', 'make-up', 'get-together', NULL, NULL, '', '', '', '', NULL, NULL, 'B', 'TP'),
('01Z002', 'Ql21', 30, 'C', 'PAPER', 'COFFEE ', 'COPIER', 'DOCUMENT', NULL, NULL, '', '', '', '', NULL, NULL, 'B', 'TP'),
('01Z002', 'Ql22', 37, 'D', 'so   ', 'so that ', 'therefore', 'until ', NULL, NULL, '', '', '', '', NULL, NULL, 'B', 'TP'),
('01Z002', 'Ql23', 28, 'D', 'not better', 'not rather', 'rather', 'better not', NULL, NULL, '', '', '', '', NULL, NULL, 'C', 'TP'),
('01Z002', 'Ql24', 27, 'B', 'with yourself   ', 'with you ', 'by you', 'by yourself', NULL, NULL, '', '', '', '', NULL, NULL, 'B', 'TP'),
('01Z002', 'Ql25', 34, 'C', ' diamonds ', ' gold ', ' love nor money', '', NULL, NULL, '', '', '', '', NULL, NULL, 'C', 'TP'),
('01Z002', 'Ql26', 35, 'B', ' cashed up', ' cashed in on ', ' maximised cash with ', '', NULL, NULL, '', '', '', '', NULL, NULL, 'B', 'TP'),
('01Z002', 'Ql27', 29, 'B', ' mint money ', ' print money', ' make money ', '', NULL, NULL, '', '', '', '', NULL, NULL, 'B', 'TP'),
('01Z002', 'Ql28', 21, 'D', 'Cr ', 'Au ', 'Pt ', 'W ', NULL, NULL, '', '', '', '', NULL, NULL, 'D', 'TP'),
('01Z002', 'Ql29', 38, 'D', 'Gỗ hấp thụ nhiệt từ môi trường nhanh hơn kim loại ', 'Bản chất của gỗ là nóng, ẩm ', 'Bản chất kim loại là mát, lạnh ', 'Kim loại hấp thụ nhiệt và dẫn nhiệt tốt hơn nhiều so với gỗ ', NULL, NULL, '', '', '', '', NULL, NULL, 'B', 'TP'),
('01Z002', 'Ql30', 31, 'D', 'Sắt nguyên chất ', 'Sắt tráng magie ', 'Sắt tráng thiếc ', 'Sắt tráng kẽm ', NULL, NULL, '', '', '', '', NULL, NULL, 'A', 'TP'),
('01Z002', 'Ql31', 32, 'D', 'Kẽm ngăn thép tiếp xúc với nước  nên thép không tác dụng được với các chất có trong nước biển. ', 'Kẽm ngăn thép tiếp xúc với nước biển nên thép không tác dụng được với nước. ', 'Thép là cực âm, không bị ăn mòn. Kẽm là cực dương, bị ăn mòn. ', 'Thép là cực dương, không bị ăn mòn. Kẽm là cực âm, bị ăn mòn. ', NULL, NULL, '', '', '', '', NULL, NULL, 'B', 'TP'),
('01Z002', 'Ql32', 36, 'A', 'Gây ngộ độc cho nước uống. ', 'Gây lãng phí nhiên liệu và mất an toàn cho các nồi hơi, làm tắc các đường ống nước nóng. ', 'Làm giảm khả năng tẩy rửa của xà phòng, làm cho quần áo mau mục nát. ', 'Làm hỏng dung dịch pha chế, làm thực phẩm lâu chín và giảm mùi vị của thực phẩm. ', NULL, NULL, '', '', '', '', NULL, NULL, 'B', 'TP'),
('01Z002', 'Ql33', 39, 'C', 'Làm mềm nước ', 'Diệt trùng trong nước ', 'Làm trong nước ', 'Khử mùi ', NULL, NULL, '', '', '', '', NULL, NULL, 'A', 'TP'),
('01Z002', 'Ql34', 25, 'C', 'Fe và Cr ', 'Fe và Al ', 'Al và Cr ', 'Mn và Al ', NULL, NULL, '', '', '', '', NULL, NULL, 'A', 'TP'),
('01Z002', 'Ql35', 23, 'C', 'Cặn vôi là canxi cacbonat. Muốn khử cặn thì phải chuyển canxi cacbonat thành hợp chất không tan. ', 'Cặn vôi là canxi sunfat. Muốn khử cặn phải chuyển canxi sunfat thành hợp chất không tan. ', 'Cặn vôi là canxi cacbonat. Muốn khử cặn thì phải chuyển canxi cacbonat thành hợp chất tan. ', 'Cặn vôi là canxi sunfat. Giấm giúp cho cặn vôi không được bám vào ấm. ', NULL, NULL, '', '', '', '', NULL, NULL, 'B', 'TP'),
('01Z002', 'Ql36', 22, 'C', 'Thức ăn bị nhiễm kim loại gây ảnh hưởng xấu tới sức khỏe người sử dụng ', 'Các dụng cụ nấu ăn bị hỏng do kim loại bị ăn mòn. ', 'Thức ăn có chất chua sẽ có vị chat nếu nấu trong nồi bằng nhôm hoặc gang. ', 'Cả A và B đều đúng. ', '', '', '', '', '', '', '', '', 'B', 'TP'),
('01Z002', 'Ql37', 33, 'C', 'Nhôm làm cho nước sôi nguội nhanh nên cốc khó bị nứt ', 'Đó là theo kinh nghiệm chưa giải thích được. ', 'Nhôm là chất thu nhiệt và giữ nhiệt tốt, vì vậy sẽ thu một lượng nhiệt lớn của nước làm cốc không bị thay đổi nhiệt độ nhiều. ', 'Nhôm là kim loại lạnh, tỏa hơi lạnh làm mát nước nên cốc khó bị nứt ', NULL, NULL, '', '', '', '', NULL, NULL, 'A', 'TP'),
('01Z002', 'Ql38', 40, 'B', 'Tăng hấp thu magie có trong nước rau muống. ', 'Tăng hấp thu sắt có trong nước rau muống. ', 'Nước rau trở nên ngon hơn, không cần nấu thêm canh. ', 'Tăng hấp thu canxi có trong nước rau muống. ', NULL, NULL, '', '', '', '', NULL, NULL, 'C', 'TP'),
('01Z002', 'Ql39', 26, 'C', 'Hợp kim của đồng quá cứng, khó khăn trong việc sản xuất dây điện. ', 'Đồng có màu đỏ, đẹp, mềm nên được ưa chuộng. ', 'Hợp kim của đồng dẫn điện kém hơn đồng tinh khiết. ', 'Hợp kim của đồng quá đắt tiền. ', NULL, NULL, '', '', '', '', NULL, NULL, 'B', 'TP'),
('01Z002', 'Ql40', 24, 'C', 'Làm khung cửa, trang trí nội thất và mạ đồ trang sức. ', 'Chế tạo hỗn hợp tecmit, được dùng để hàn gắn đường ray. ', 'Làm vật liệu chế tạo ô tô, máy bay, tên lửa, tàu vũ trụ. ', 'Làm dây dẫn điện, thiết bị trao đổi nhiệt, dụng cụ nấu ăn trong gia đình. ', NULL, NULL, '', '', '', '', NULL, NULL, 'B', 'TP'),
('01Z003', 'Ql01', 4, 'C', 'định kỳ hàng tuần (vào thứ 2 của tuần kế tiếp)', 'định kỳ hàng tháng (ngày 25 hàng tháng)', 'định kỳ Quý (ngày 25 tháng cuối cùng của Quý)', 'định kỳ năm (ngày 25/12 hàng năm)', 'Cả A và B đều đúng', 'Cả B và C đều đúng', '', '', '', '', '', '', 'A', 'TP'),
('01Z003', 'Ql02', 8, 'D', 'Phó Tổng Giám đốc phụ trách Ban QLDA khu vực', 'Tổng giám đốc', 'Phó Tổng Giám đốc phụ trách Ban QLTSNN', 'Giám đốc đơn vị thành viên ', NULL, NULL, '', '', '', '', NULL, NULL, 'A', 'TP'),
('01Z003', 'Ql03', 2, 'C', 'Thực hiện đầy đủ, kịp thời và đúng thời hạn các nội dung kiến nghị có thời hạn cụ thể được nêu trong kết luận thanh tra, kiểm tra, kiểm toán', 'Chủ động chấn chỉnh khắc phục các kiến nghị được nêu trong kết luận thanh tra, kiểm tra, kiểm toán theo thời gian và khả năng thực hiện của đơn vị', 'Xây dựng kế hoạch, biện pháp, thời gian cụ thể khắc phục các kiến nghị có thời hạn và các kiến nghị không có thời hạn nêu trong kết luận thanh tra, kiểm tra, kiểm toán', 'Không phải xây dựng kế hoạch khắc phục, định ký hàng quý báo cáo kết quả khắc phục gửi về HSC', 'Tất cả các phương án đều đúng', '', '', '', '', '', '', '', 'A', 'TP'),
('01Z003', 'Ql04', 7, 'C', '45 ngày kể từ ngày thụ lý giải quyết tố cáo', '30 ngày kể từ ngày thụ lý giải quyết tố cáo', '60 ngày kể từ ngày thụ lý giải quyết tố cáo', '90 ngày kể từ ngày thụ lý giải quyết tố cáo', NULL, NULL, '', '', '', '', NULL, NULL, 'A', 'TP'),
('01Z003', 'Ql05', 6, 'B', 'Có thể viết trên mọi chất liệu và mực được lưu giữ \ntrên chứng từ trong suốt thời gian lưu trữ chứng từ.', ' Có thể viết trên mọi chất liệu và mực sẽ tự phai mất màu sau khi viết từ 15 phút đến 24 tiếng, tùy theo chất liệu được viết lên', 'Có thể dùng tẩy để xóa mất màu mực', 'B và C đều đúng', '', '', '', '', '', '', '', '', 'A', 'TP'),
('01Z003', 'Ql06', 9, 'D', 'Giấy Ford ( Giấy in A4)', 'Giấy in nhiệt', 'Giấy in màu', 'A và B', 'Tất cả các loại giấy', '', '', '', '', '', '', '', 'A', 'TP'),
('01Z003', 'Ql07', 3, 'B', 'Thực hiện giao dịch theo yêu cầu của khách hàng.', 'Chi nhánh cần báo cáo kịp thời về trụ sở chính (qua Ban kiểm tra và giám sát ) dưới hình thức báo cáo giao dịch đáng ngờ kèm theo sao kê chi tiết giao dịch tài khoản và các chứng từ liên quan (nếu có)', 'Từ chối thực hiện giao dịch do mọi giao dịch liên quan đến tiền điện tử/tiền ảo đều chưa được NHNN cho phép.', 'Khéo léo giữ khách hàng và báo cáo cho công an gần nhất.', NULL, NULL, '', '', '', '', NULL, NULL, 'A', 'TP'),
('01Z003', 'Ql08', 10, 'B', 'ftp://ftpmb.bidvbank.bidv.com/FTPData/HoiSoChinh/HOISOCHINH/TKTH/Public/Theodoitiendo/1562', 'bản giấy trực tiếp', 'ftp://ftpmb.bidvbank.bidv.com/FTPData/HoiSoChinh/HOISOCHINH/TKTH/Public/Theodoitiendo', 'mail gsth.bks@bidv.com.vn', NULL, NULL, '', '', '', '', NULL, NULL, 'A', 'TP'),
('01Z003', 'Ql09', 5, 'C', 'Ngân sách nhà nước là một đạo luật dự trù các khoản thu, chi bằng tiền của Nhà nước trong một thời gian nhất định.', 'Mọi hoạt động của Ngân sách nhà nước đều là hoạt động phân phối các nguồn tài nguyên quốc gia (phân phối lần đầu và tái phân phối).', 'Cả hai phương án A, B đều đúng.', 'Cả hai phương án A, B đều sai.', '', '', '', '', '', '', '', '', 'A', 'TP'),
('01Z003', 'Ql10', 1, 'B', 'NO', 'N20', '  H = OH2', 'N02', NULL, NULL, '', '', '', '', NULL, NULL, 'B', 'TP'),
('01Z003', 'Ql11', 13, 'D', '0.5', '0.3', '0.4', '0.7', NULL, NULL, '', '', '', '', NULL, NULL, 'B', 'TP'),
('01Z003', 'Ql12', 12, 'B', ' C03', 'C0', 'C02', 'C04', NULL, NULL, '', '', '', '', NULL, NULL, 'A', 'TP'),
('01Z003', 'Ql13', 20, 'A', 'would be', 'should be', 'would', 'should', NULL, NULL, '', '', '', '', NULL, NULL, 'A', 'TP'),
('01Z003', 'Ql14', 14, 'B', 'had won', 'won', 'win', 'will win', NULL, NULL, '', '', '', '', NULL, NULL, 'A', 'TP'),
('01Z003', 'Ql15', 18, 'D', 'has polluted', 'was polluted', 'be polluted', 'is polluted', NULL, NULL, '', '', '', '', NULL, NULL, 'A', 'TP'),
('01Z003', 'Ql16', 17, 'A', 'SINCE', 'FOR', 'AFTER', '', NULL, NULL, '', '', '', '', NULL, NULL, 'A', 'TP'),
('01Z003', 'Ql17', 16, 'B', 'SINCE', 'AFTER', 'FOR', '', NULL, NULL, '', '', '', '', NULL, NULL, 'A', 'TP'),
('01Z003', 'Ql18', 19, 'A', 'SINCE', 'FOR', 'AFTER', '', NULL, NULL, '', '', '', '', NULL, NULL, 'A', 'TP'),
('01Z003', 'Ql19', 15, 'D', 'postponed', 'abolished', 'banned', 'broken', NULL, NULL, '', '', '', '', NULL, NULL, 'A', 'TP'),
('01Z003', 'Ql20', 11, 'B', 'look-out', 'make-up', 'get-together', 'go- between', NULL, NULL, '', '', '', '', NULL, NULL, 'A', 'TP'),
('01Z003', 'Ql21', 22, 'C', 'PAPER', 'COFFEE ', 'COPIER', 'DOCUMENT', NULL, NULL, '', '', '', '', NULL, NULL, 'A', 'TP'),
('01Z003', 'Ql22', 23, 'B', 'so   ', 'until ', 'so that ', 'therefore', NULL, NULL, '', '', '', '', NULL, NULL, 'A', 'TP'),
('01Z003', 'Ql23', 30, 'A', 'better not', 'rather', 'not better', 'not rather', NULL, NULL, '', '', '', '', NULL, NULL, 'A', 'TP'),
('01Z003', 'Ql24', 35, 'B', 'with yourself   ', 'with you ', 'by you', 'by yourself', NULL, NULL, '', '', '', '', NULL, NULL, 'A', 'TP'),
('01Z003', 'Ql25', 24, 'C', ' diamonds ', ' gold ', ' love nor money', '', NULL, NULL, '', '', '', '', NULL, NULL, 'A', 'TP'),
('01Z003', 'Ql26', 33, 'D', ' cashed up', ' maximised cash with ', '', ' cashed in on ', NULL, NULL, '', '', '', '', NULL, NULL, 'A', 'TP'),
('01Z003', 'Ql27', 36, 'D', '', ' make money ', ' mint money ', ' print money', NULL, NULL, '', '', '', '', NULL, NULL, NULL, 'TP'),
('01Z003', 'Ql28', 34, 'C', 'Cr ', 'Au ', 'W ', 'Pt ', NULL, NULL, '', '', '', '', NULL, NULL, 'A', 'TP'),
('01Z003', 'Ql29', 21, 'B', 'Bản chất của gỗ là nóng, ẩm ', 'Kim loại hấp thụ nhiệt và dẫn nhiệt tốt hơn nhiều so với gỗ ', 'Bản chất kim loại là mát, lạnh ', 'Gỗ hấp thụ nhiệt từ môi trường nhanh hơn kim loại ', NULL, NULL, '', '', '', '', NULL, NULL, 'A', 'TP'),
('01Z003', 'Ql30', 28, 'A', 'Sắt tráng kẽm ', 'Sắt tráng thiếc ', 'Sắt tráng magie ', 'Sắt nguyên chất ', NULL, NULL, '', '', '', '', NULL, NULL, 'A', 'TP'),
('01Z003', 'Ql31', 27, 'B', 'Kẽm ngăn thép tiếp xúc với nước biển nên thép không tác dụng được với nước. ', 'Thép là cực dương, không bị ăn mòn. Kẽm là cực âm, bị ăn mòn. ', 'Thép là cực âm, không bị ăn mòn. Kẽm là cực dương, bị ăn mòn. ', 'Kẽm ngăn thép tiếp xúc với nước  nên thép không tác dụng được với các chất có trong nước biển. ', NULL, NULL, '', '', '', '', NULL, NULL, 'A', 'TP'),
('01Z003', 'Ql32', 29, 'B', 'Gây lãng phí nhiên liệu và mất an toàn cho các nồi hơi, làm tắc các đường ống nước nóng. ', 'Gây ngộ độc cho nước uống. ', 'Làm giảm khả năng tẩy rửa của xà phòng, làm cho quần áo mau mục nát. ', 'Làm hỏng dung dịch pha chế, làm thực phẩm lâu chín và giảm mùi vị của thực phẩm. ', NULL, NULL, '', '', '', '', NULL, NULL, 'A', 'TP'),
('01Z003', 'Ql33', 26, 'D', 'Diệt trùng trong nước ', 'Khử mùi ', 'Làm mềm nước ', 'Làm trong nước ', NULL, NULL, '', '', '', '', NULL, NULL, 'A', 'TP'),
('01Z003', 'Ql34', 40, 'C', 'Fe và Cr ', 'Fe và Al ', 'Al và Cr ', 'Mn và Al ', NULL, NULL, '', '', '', '', NULL, NULL, 'A', 'TP'),
('01Z003', 'Ql35', 37, 'B', 'Cặn vôi là canxi sunfat. Giấm giúp cho cặn vôi không được bám vào ấm. ', 'Cặn vôi là canxi cacbonat. Muốn khử cặn thì phải chuyển canxi cacbonat thành hợp chất tan. ', 'Cặn vôi là canxi cacbonat. Muốn khử cặn thì phải chuyển canxi cacbonat thành hợp chất không tan. ', 'Cặn vôi là canxi sunfat. Muốn khử cặn phải chuyển canxi sunfat thành hợp chất không tan. ', NULL, NULL, '', '', '', '', NULL, NULL, 'A', 'TP'),
('01Z003', 'Ql36', 25, 'C', 'Thức ăn bị nhiễm kim loại gây ảnh hưởng xấu tới sức khỏe người sử dụng ', 'Các dụng cụ nấu ăn bị hỏng do kim loại bị ăn mòn. ', 'Thức ăn có chất chua sẽ có vị chat nếu nấu trong nồi bằng nhôm hoặc gang. ', 'Cả A và B đều đúng. ', '', '', '', '', '', '', '', '', 'A', 'TP'),
('01Z003', 'Ql37', 31, 'B', 'Nhôm là kim loại lạnh, tỏa hơi lạnh làm mát nước nên cốc khó bị nứt ', 'Nhôm là chất thu nhiệt và giữ nhiệt tốt, vì vậy sẽ thu một lượng nhiệt lớn của nước làm cốc không bị thay đổi nhiệt độ nhiều. ', 'Nhôm làm cho nước sôi nguội nhanh nên cốc khó bị nứt ', 'Đó là theo kinh nghiệm chưa giải thích được. ', NULL, NULL, '', '', '', '', NULL, NULL, 'A', 'TP'),
('01Z003', 'Ql38', 39, 'A', 'Tăng hấp thu sắt có trong nước rau muống. ', 'Nước rau trở nên ngon hơn, không cần nấu thêm canh. ', 'Tăng hấp thu magie có trong nước rau muống. ', 'Tăng hấp thu canxi có trong nước rau muống. ', NULL, NULL, '', '', '', '', NULL, NULL, 'A', 'TP'),
('01Z003', 'Ql39', 38, 'A', 'Hợp kim của đồng dẫn điện kém hơn đồng tinh khiết. ', 'Hợp kim của đồng quá cứng, khó khăn trong việc sản xuất dây điện. ', 'Hợp kim của đồng quá đắt tiền. ', 'Đồng có màu đỏ, đẹp, mềm nên được ưa chuộng. ', NULL, NULL, '', '', '', '', NULL, NULL, 'A', 'TP'),
('01Z003', 'Ql40', 32, 'A', 'Làm vật liệu chế tạo ô tô, máy bay, tên lửa, tàu vũ trụ. ', 'Làm khung cửa, trang trí nội thất và mạ đồ trang sức. ', 'Làm dây dẫn điện, thiết bị trao đổi nhiệt, dụng cụ nấu ăn trong gia đình. ', 'Chế tạo hỗn hợp tecmit, được dùng để hàn gắn đường ray. ', NULL, NULL, '', '', '', '', NULL, NULL, 'A', 'TP');

-- --------------------------------------------------------

--
-- Table structure for table `diem`
--

CREATE TABLE `diem` (
  `sbd` varchar(20) COLLATE utf8_unicode_ci NOT NULL,
  `mamodun` varchar(20) COLLATE utf8_unicode_ci NOT NULL,
  `diem` float DEFAULT NULL,
  `socaudung` tinyint(4) DEFAULT NULL,
  `thoigianthi` timestamp NULL DEFAULT NULL,
  `timeconlai` int(11) DEFAULT NULL,
  `thoigianketthuc` timestamp NULL DEFAULT NULL
) ENGINE=InnoDB DEFAULT CHARSET=utf8 COLLATE=utf8_unicode_ci;

--
-- Dumping data for table `diem`
--

INSERT INTO `diem` (`sbd`, `mamodun`, `diem`, `socaudung`, `thoigianthi`, `timeconlai`, `thoigianketthuc`) VALUES
('01Z001', 'TP', 29, NULL, '2017-03-07 03:57:04', 0, '2017-03-07 04:07:33'),
('01Z002', 'TP', 20.5, NULL, '2017-03-07 04:00:35', 0, '2017-03-07 04:10:07'),
('01Z003', 'TP', 24, NULL, '2017-03-07 04:01:06', 0, '2017-03-07 04:09:25');

-- --------------------------------------------------------

--
-- Table structure for table `donvi`
--

CREATE TABLE `donvi` (
  `madonvi` varchar(20) COLLATE utf8_unicode_ci NOT NULL,
  `tendonvi` varchar(300) COLLATE utf8_unicode_ci DEFAULT NULL
) ENGINE=InnoDB DEFAULT CHARSET=utf8 COLLATE=utf8_unicode_ci;

--
-- Dumping data for table `donvi`
--

INSERT INTO `donvi` (`madonvi`, `tendonvi`) VALUES
('HN', 'Hà Nội');

-- --------------------------------------------------------

--
-- Table structure for table `hocvien`
--

CREATE TABLE `hocvien` (
  `sbd` varchar(20) COLLATE utf8_unicode_ci NOT NULL,
  `hodem` varchar(50) COLLATE utf8_unicode_ci DEFAULT NULL,
  `ten` varchar(15) COLLATE utf8_unicode_ci DEFAULT NULL,
  `ngaysinh` varchar(20) COLLATE utf8_unicode_ci DEFAULT NULL,
  `noisinh` varchar(300) COLLATE utf8_unicode_ci DEFAULT NULL,
  `makythi` varchar(20) COLLATE utf8_unicode_ci NOT NULL,
  `madonvi` varchar(20) COLLATE utf8_unicode_ci NOT NULL,
  `tenphongthi` varchar(80) COLLATE utf8_unicode_ci DEFAULT NULL,
  `matkhau` varchar(40) COLLATE utf8_unicode_ci NOT NULL,
  `profile` varchar(200) COLLATE utf8_unicode_ci DEFAULT NULL
) ENGINE=InnoDB DEFAULT CHARSET=utf8 COLLATE=utf8_unicode_ci;

--
-- Dumping data for table `hocvien`
--

INSERT INTO `hocvien` (`sbd`, `hodem`, `ten`, `ngaysinh`, `noisinh`, `makythi`, `madonvi`, `tenphongthi`, `matkhau`, `profile`) VALUES
('01Z001', 'Nguyễn Hồng', 'Hạnh', '01/01/1993', 'Hà Nội', 'KT001', 'HN', 'Phòng 1', '5c1ddf51bc0d56a6cfab2de58b54ef0d', NULL),
('01Z002', 'Nguyễn Hồng', 'Hạnh', '01/01/1993', 'Hà Nội', 'KT001', 'HN', 'Phòng 1', '1b836384adf96a6e9eb4428aee00521e', NULL),
('01Z003', 'Nguyễn Hồng', 'Hạnh', '01/01/1993', 'Hà Nội', 'KT001', 'HN', 'Phòng 1', 'e7323023dd794706da592eb75a33d4e2', NULL),
('01Z004', 'Nguyễn Hồng', 'Hạnh', '01/01/1993', 'Hà Nội', 'KT001', 'HN', 'Phòng 1', 'eb51004d55d204e73182a76001ac8884', NULL),
('01Z005', 'Nguyễn Hồng', 'Hạnh', '01/01/1993', 'Hà Nội', 'KT001', 'HN', 'Phòng 1', '4e0efe163ade4d05b8ce3799947dd71e', NULL),
('01Z006', 'Nguyễn Hồng', 'Hạnh', '01/01/1993', 'Hà Nội', 'KT001', 'HN', 'Phòng 1', 'bf871ae383b74857a803f5f9ac192a77', NULL),
('01Z007', 'Nguyễn Hồng', 'Hạnh', '01/01/1993', 'Hà Nội', 'KT001', 'HN', 'Phòng 1', '72f6873bddccca40a945a74a36ab3a23', NULL),
('01Z008', 'Nguyễn Hồng', 'Hạnh', '01/01/1993', 'Hà Nội', 'KT001', 'HN', 'Phòng 1', 'ee2a064366c16f0c2a9da7f84e164c4f', NULL),
('01Z009', 'Nguyễn Hồng', 'Hạnh', '01/01/1993', 'Hà Nội', 'KT001', 'HN', 'Phòng 1', '675be9b797c47afe72a924c7cb3135d6', NULL),
('01Z010', 'Nguyễn Hồng', 'Hạnh', '01/01/1993', 'Hà Nội', 'KT001', 'HN', 'Phòng 1', '350df4a49d38c50e9766f413cedcea99', NULL),
('01Z011', 'Nguyễn Hồng', 'Hạnh', '01/01/1993', 'Hà Nội', 'KT001', 'HN', 'Phòng 1', '37d4613c41ed6f87d8daf462eaab05e8', NULL),
('01Z012', 'Nguyễn Hồng', 'Hạnh', '01/01/1993', 'Hà Nội', 'KT001', 'HN', 'Phòng 1', '7107f049636ad31ea5ac87381f2012ff', NULL),
('01Z013', 'Nguyễn Hồng', 'Hạnh', '01/01/1993', 'Hà Nội', 'KT001', 'HN', 'Phòng 1', '6d4ae3859741f37e889468fa151f31ba', NULL),
('01Z014', 'Nguyễn Hồng', 'Hạnh', '01/01/1993', 'Hà Nội', 'KT001', 'HN', 'Phòng 1', '2b0c44767c0bc5bcd3c1b90a484c3f31', NULL),
('01Z015', 'Nguyễn Hồng', 'Hạnh', '01/01/1993', 'Hà Nội', 'KT001', 'HN', 'Phòng 1', 'f33b806318a9f188bbd173763f453247', NULL),
('01Z016', 'Nguyễn Hồng', 'Hạnh', '01/01/1993', 'Hà Nội', 'KT001', 'HN', 'Phòng 1', '6bbf6217f9124cdc4e912496f5e92668', NULL),
('01Z017', 'Nguyễn Hồng', 'Hạnh', '01/01/1993', 'Hà Nội', 'KT001', 'HN', 'Phòng 1', 'a9e9dadd48ac949ce258f31efcf2b18f', NULL),
('01Z018', 'Nguyễn Hồng', 'Hạnh', '01/01/1993', 'Hà Nội', 'KT001', 'HN', 'Phòng 1', '031220e58f3ac7d02253ea6e438f6817', NULL),
('01Z019', 'Nguyễn Hồng', 'Hạnh', '01/01/1993', 'Hà Nội', 'KT001', 'HN', 'Phòng 1', 'cfdab2f15f8ad7a29d45c5cc33d68c9f', NULL),
('01Z020', 'Nguyễn Hồng', 'Hạnh', '01/01/1993', 'Hà Nội', 'KT001', 'HN', 'Phòng 1', '3e6a681713d6a2f2569a9738779b00c7', NULL),
('01Z021', 'Nguyễn Hồng', 'Hạnh', '01/01/1993', 'Hà Nội', 'KT001', 'HN', 'Phòng 1', '0bfbe267901c81d91dfe9715ffa0daa2', NULL),
('01Z022', 'Nguyễn Hồng', 'Hạnh', '01/01/1993', 'Hà Nội', 'KT001', 'HN', 'Phòng 1', '5047f727e5144f7d11389b1fe7555e70', NULL),
('01Z023', 'Nguyễn Hồng', 'Hạnh', '01/01/1993', 'Hà Nội', 'KT001', 'HN', 'Phòng 1', '7e478e33e157d5d1004981179c305afb', NULL),
('01Z024', 'Nguyễn Hồng', 'Hạnh', '01/01/1993', 'Hà Nội', 'KT001', 'HN', 'Phòng 1', '1ba3e5eb14021ba8f3a67fc673d3731f', NULL),
('01Z025', 'Nguyễn Hồng', 'Hạnh', '01/01/1993', 'Hà Nội', 'KT001', 'HN', 'Phòng 1', '4f5ad87f041ac0f31029c5b4baae55f0', NULL),
('01Z026', 'Nguyễn Hồng', 'Hạnh', '01/01/1993', 'Hà Nội', 'KT001', 'HN', 'Phòng 1', 'e10da4a639607e097c4ad835a2c41859', NULL),
('01Z027', 'Nguyễn Hồng', 'Hạnh', '01/01/1993', 'Hà Nội', 'KT001', 'HN', 'Phòng 1', 'd07284627a9213de77891ad7080b6809', NULL),
('01Z028', 'Nguyễn Hồng', 'Hạnh', '01/01/1993', 'Hà Nội', 'KT001', 'HN', 'Phòng 1', 'b0413ce91e6670385054dbcc5d5b22bb', NULL),
('01Z029', 'Nguyễn Hồng', 'Hạnh', '01/01/1993', 'Hà Nội', 'KT001', 'HN', 'Phòng 1', '3342eb93996cf4609626f5e64effbf03', NULL),
('01Z030', 'Nguyễn Hồng', 'Hạnh', '01/01/1993', 'Hà Nội', 'KT001', 'HN', 'Phòng 2', 'd9c575ec7f3ba6325dfe6e0811466a45', NULL),
('01Z031', 'Nguyễn Hồng', 'Hạnh', '01/01/1993', 'Hà Nội', 'KT001', 'HN', 'Phòng 2', '3c1694dfd6c762497f738a539b4afd4a', NULL),
('01Z032', 'Nguyễn Hồng', 'Hạnh', '01/01/1993', 'Hà Nội', 'KT001', 'HN', 'Phòng 2', 'f821dd0c7422493e730856597f071916', NULL),
('01Z033', 'Nguyễn Hồng', 'Hạnh', '01/01/1993', 'Hà Nội', 'KT001', 'HN', 'Phòng 2', 'a65f1abc0d9bd531e7ced1fa3a6a8cf7', NULL),
('01Z034', 'Nguyễn Hồng', 'Hạnh', '01/01/1993', 'Hà Nội', 'KT001', 'HN', 'Phòng 2', 'f48b75b3aaef830cb16759a6f5c4c721', NULL),
('01Z035', 'Nguyễn Hồng', 'Hạnh', '01/01/1993', 'Hà Nội', 'KT001', 'HN', 'Phòng 2', '05f4bccd080fd1d3c88d4fd7722d73e3', NULL),
('01Z036', 'Nguyễn Hồng', 'Hạnh', '01/01/1993', 'Hà Nội', 'KT001', 'HN', 'Phòng 2', '640d7d42c99a344f1d8486f85d317987', NULL),
('01Z037', 'Nguyễn Hồng', 'Hạnh', '01/01/1993', 'Hà Nội', 'KT001', 'HN', 'Phòng 2', '14678714b70fac96befdb55bdac1c629', NULL),
('01Z038', 'Nguyễn Hồng', 'Hạnh', '01/01/1993', 'Hà Nội', 'KT001', 'HN', 'Phòng 2', '587d716cc293cd5c85127bf2bd6ce5da', NULL),
('01Z039', 'Nguyễn Hồng', 'Hạnh', '01/01/1993', 'Hà Nội', 'KT001', 'HN', 'Phòng 2', '5650f64420505ac9b71b14840381738c', NULL),
('01Z040', 'Nguyễn Hồng', 'Hạnh', '01/01/1993', 'Hà Nội', 'KT001', 'HN', 'Phòng 2', '3b5136d84c017bafd542065adff77f68', NULL),
('01Z041', 'Nguyễn Hồng', 'Hạnh', '01/01/1993', 'Hà Nội', 'KT001', 'HN', 'Phòng 2', 'e03697f1defc8ab0203ebeabbb39ed2c', NULL),
('01Z042', 'Nguyễn Hồng', 'Hạnh', '01/01/1993', 'Hà Nội', 'KT001', 'HN', 'Phòng 2', 'b2a4f7a5c45fda5d75ee66c9d24ef0b3', NULL),
('01Z043', 'Nguyễn Hồng', 'Hạnh', '01/01/1993', 'Hà Nội', 'KT001', 'HN', 'Phòng 2', 'a631ba5d73e44682404ba9e5d157e7ac', NULL),
('01Z044', 'Nguyễn Hồng', 'Hạnh', '01/01/1993', 'Hà Nội', 'KT001', 'HN', 'Phòng 2', '71d16b4e6e92e01265ae5ab3bb23be18', NULL),
('01Z045', 'Nguyễn Hồng', 'Hạnh', '01/01/1993', 'Hà Nội', 'KT001', 'HN', 'Phòng 2', '24f85813b5f876e3d34ece63232d736a', NULL),
('01Z046', 'Nguyễn Hồng', 'Hạnh', '01/01/1993', 'Hà Nội', 'KT001', 'HN', 'Phòng 2', '9fe790ce585281b5046555c52569a200', NULL),
('01Z047', 'Nguyễn Hồng', 'Hạnh', '01/01/1993', 'Hà Nội', 'KT001', 'HN', 'Phòng 2', '0e65ada257148f79991ad28c3ba0ffb2', NULL),
('01Z048', 'Nguyễn Hồng', 'Hạnh', '01/01/1993', 'Hà Nội', 'KT001', 'HN', 'Phòng 2', 'ee73ca068dc896576d309189d7efdcdc', NULL),
('01Z049', 'Nguyễn Hồng', 'Hạnh', '01/01/1993', 'Hà Nội', 'KT001', 'HN', 'Phòng 2', '9f478f0b982ef0af4af88ba6f690ba29', NULL),
('01Z050', 'Nguyễn Hồng', 'Hạnh', '01/01/1993', 'Hà Nội', 'KT001', 'HN', 'Phòng 2', '1c50368ec9695145cb4421c5e6e93d6c', NULL),
('01Z051', 'Nguyễn Hồng', 'Hạnh', '01/01/1993', 'Hà Nội', 'KT001', 'HN', 'Phòng 2', '4b8ef8986dc96514c6a4132c557617c6', NULL),
('01Z052', 'Nguyễn Hồng', 'Hạnh', '01/01/1993', 'Hà Nội', 'KT001', 'HN', 'Phòng 2', '1b84325a93057951534b341c33ac273c', NULL),
('01Z053', 'Nguyễn Hồng', 'Hạnh', '01/01/1993', 'Hà Nội', 'KT001', 'HN', 'Phòng 2', '44764070b6ff61a9a14c5402bb08a14e', NULL),
('01Z054', 'Nguyễn Hồng', 'Hạnh', '01/01/1993', 'Hà Nội', 'KT001', 'HN', 'Phòng 2', 'e5bb20c49a7fbb71de6c19642d70b830', NULL),
('01Z055', 'Nguyễn Hồng', 'Hạnh', '01/01/1993', 'Hà Nội', 'KT001', 'HN', 'Phòng 2', 'cc38ccd71b2f8fd41fa6af00c5db250f', NULL),
('01Z056', 'Nguyễn Hồng', 'Hạnh', '01/01/1993', 'Hà Nội', 'KT001', 'HN', 'Phòng 2', '1bd0e53c873e2393af7d7641c9df3825', NULL),
('01Z057', 'Nguyễn Hồng', 'Hạnh', '01/01/1993', 'Hà Nội', 'KT001', 'HN', 'Phòng 2', '09a7fb1f5d47bc12357b39122c0670a6', NULL),
('01Z058', 'Nguyễn Hồng', 'Hạnh', '01/01/1993', 'Hà Nội', 'KT001', 'HN', 'Phòng 2', '0799967f2cf134fa600560231aae03f3', NULL),
('01Z059', 'Nguyễn Hồng', 'Hạnh', '01/01/1993', 'Hà Nội', 'KT001', 'HN', 'Phòng 2', '33011afa84a96ee0b8e3beac41db0679', NULL),
('01Z060', 'Nguyễn Hồng', 'Hạnh', '01/01/1993', 'Hà Nội', 'KT001', 'HN', 'Phòng 3', '97a0c1c46fa28b41f9f3dbe3e65191d3', NULL),
('01Z061', 'Nguyễn Hồng', 'Hạnh', '01/01/1993', 'Hà Nội', 'KT001', 'HN', 'Phòng 3', 'edc14c2a9f111d46a891dcf3201ecb11', NULL),
('01Z062', 'Nguyễn Hồng', 'Hạnh', '01/01/1993', 'Hà Nội', 'KT001', 'HN', 'Phòng 3', 'c66923323e3d860280a9a96cae54c407', NULL),
('01Z063', 'Nguyễn Hồng', 'Hạnh', '01/01/1993', 'Hà Nội', 'KT001', 'HN', 'Phòng 3', '439b0da341a4bbc502bc068b414435d7', NULL),
('01Z064', 'Nguyễn Hồng', 'Hạnh', '01/01/1993', 'Hà Nội', 'KT001', 'HN', 'Phòng 3', 'bd0805caccb7d4a2082669728c00c00f', NULL),
('01Z065', 'Nguyễn Hồng', 'Hạnh', '01/01/1993', 'Hà Nội', 'KT001', 'HN', 'Phòng 3', 'fa838d1499d81a59c31d5d967a9b3a6c', NULL),
('01Z066', 'Nguyễn Hồng', 'Hạnh', '01/01/1993', 'Hà Nội', 'KT001', 'HN', 'Phòng 3', '27f6391f425f221941fb184f9cc7440a', NULL),
('01Z067', 'Nguyễn Hồng', 'Hạnh', '01/01/1993', 'Hà Nội', 'KT001', 'HN', 'Phòng 3', 'e7d50e2c796f05cc72c045e89033b0c7', NULL),
('01Z068', 'Nguyễn Hồng', 'Hạnh', '01/01/1993', 'Hà Nội', 'KT001', 'HN', 'Phòng 3', '2a4366ee1dd24e064a3c55b6c38dc52a', NULL),
('01Z069', 'Nguyễn Hồng', 'Hạnh', '01/01/1993', 'Hà Nội', 'KT001', 'HN', 'Phòng 3', 'e0e9fd1bafb78d0c7d55a1721b3838a2', NULL),
('01Z070', 'Nguyễn Hồng', 'Hạnh', '01/01/1993', 'Hà Nội', 'KT001', 'HN', 'Phòng 3', '242266ea904264dd9a82957c9e0353e3', NULL),
('01Z071', 'Nguyễn Hồng', 'Hạnh', '01/01/1993', 'Hà Nội', 'KT001', 'HN', 'Phòng 3', '4b5e550c5d2e2e77421d13c9242e0e5b', NULL),
('01Z072', 'Nguyễn Hồng', 'Hạnh', '01/01/1993', 'Hà Nội', 'KT001', 'HN', 'Phòng 3', '93e19e26a23c53344782346262cc8a05', NULL),
('01Z073', 'Nguyễn Hồng', 'Hạnh', '01/01/1993', 'Hà Nội', 'KT001', 'HN', 'Phòng 3', '5e128052fb6a1649d53eceb894c504f7', NULL),
('01Z074', 'Nguyễn Hồng', 'Hạnh', '01/01/1993', 'Hà Nội', 'KT001', 'HN', 'Phòng 3', 'e239b08808f2c148670eb93ba32cdaca', NULL),
('01Z075', 'Nguyễn Hồng', 'Hạnh', '01/01/1993', 'Hà Nội', 'KT001', 'HN', 'Phòng 3', '670056f6d026cb92014b7919fa89382e', NULL),
('01Z076', 'Nguyễn Hồng', 'Hạnh', '01/01/1993', 'Hà Nội', 'KT001', 'HN', 'Phòng 3', '9fc9fd39679063da30105066ef80d5db', NULL),
('01Z077', 'Nguyễn Hồng', 'Hạnh', '01/01/1993', 'Hà Nội', 'KT001', 'HN', 'Phòng 3', '074775ee64a020776e71224ab6568750', NULL),
('01Z078', 'Nguyễn Hồng', 'Hạnh', '01/01/1993', 'Hà Nội', 'KT001', 'HN', 'Phòng 3', 'b5544a87043b8828a5ed8b763d849556', NULL),
('01Z079', 'Nguyễn Hồng', 'Hạnh', '01/01/1993', 'Hà Nội', 'KT001', 'HN', 'Phòng 3', '5ff6de64c7e209bac839ddf98ade5c93', NULL),
('01Z080', 'Nguyễn Hồng', 'Hạnh', '01/01/1993', 'Hà Nội', 'KT001', 'HN', 'Phòng 3', 'fe4948e71f295bb3e122afab797c096b', NULL),
('01Z081', 'Nguyễn Hồng', 'Hạnh', '01/01/1993', 'Hà Nội', 'KT001', 'HN', 'Phòng 3', '3aefa8164ecdb713d55b4b9f840c503f', NULL),
('01Z082', 'Nguyễn Hồng', 'Hạnh', '01/01/1993', 'Hà Nội', 'KT001', 'HN', 'Phòng 3', '50636a435cf52f91ad916ab6a7eff3a8', NULL),
('01Z083', 'Nguyễn Hồng', 'Hạnh', '01/01/1993', 'Hà Nội', 'KT001', 'HN', 'Phòng 3', '2a7b210339feb620b4c22888ca65ae53', NULL),
('01Z084', 'Nguyễn Hồng', 'Hạnh', '01/01/1993', 'Hà Nội', 'KT001', 'HN', 'Phòng 3', 'a9544af4c2298bbc582454b3e6a438f7', NULL),
('01Z085', 'Nguyễn Hồng', 'Hạnh', '01/01/1993', 'Hà Nội', 'KT001', 'HN', 'Phòng 3', 'f357039bdc51afcb8815d65835a1443b', NULL),
('01Z086', 'Nguyễn Hồng', 'Hạnh', '01/01/1993', 'Hà Nội', 'KT001', 'HN', 'Phòng 3', '9354528816a20f7da1ec88b2e5c58236', NULL),
('01Z087', 'Nguyễn Hồng', 'Hạnh', '01/01/1993', 'Hà Nội', 'KT001', 'HN', 'Phòng 3', '2744ab430d4f759bd2c929f46988429f', NULL),
('01Z088', 'Nguyễn Hồng', 'Hạnh', '01/01/1993', 'Hà Nội', 'KT001', 'HN', 'Phòng 3', '0bc5b9285576c165352460bd88848288', NULL),
('01Z089', 'Nguyễn Hồng', 'Hạnh', '01/01/1993', 'Hà Nội', 'KT001', 'HN', 'Phòng 3', '086c21d0c5b1207f578f2bab6267a559', NULL),
('01Z090', 'Nguyễn Hồng', 'Hạnh', '01/01/1993', 'Hà Nội', 'KT001', 'HN', 'Phòng 4', '18d9b5e01ec384b283015c7c5f795e18', NULL),
('01Z091', 'Nguyễn Hồng', 'Hạnh', '01/01/1993', 'Hà Nội', 'KT001', 'HN', 'Phòng 4', '50ef7dc2a461c23f0f096891d43acab2', NULL),
('01Z092', 'Nguyễn Hồng', 'Hạnh', '01/01/1993', 'Hà Nội', 'KT001', 'HN', 'Phòng 4', '6cc8d87f550e8071217d377b8faa8beb', NULL),
('01Z093', 'Nguyễn Hồng', 'Hạnh', '01/01/1993', 'Hà Nội', 'KT001', 'HN', 'Phòng 4', 'e9c8e1fa9187285362e2a4c69cf9c69b', NULL),
('01Z094', 'Nguyễn Hồng', 'Hạnh', '01/01/1993', 'Hà Nội', 'KT001', 'HN', 'Phòng 4', 'a450a3a5946f97df17d54e26cdca6de0', NULL),
('01Z095', 'Nguyễn Hồng', 'Hạnh', '01/01/1993', 'Hà Nội', 'KT001', 'HN', 'Phòng 4', 'e7a01e53929aa0d40766b0ab9cc4cd8d', NULL),
('01Z096', 'Nguyễn Hồng', 'Hạnh', '01/01/1993', 'Hà Nội', 'KT001', 'HN', 'Phòng 4', '6ba38c2bba35aa95ba468e4d3fc8bd2e', NULL),
('01Z097', 'Nguyễn Hồng', 'Hạnh', '01/01/1993', 'Hà Nội', 'KT001', 'HN', 'Phòng 4', '2329c3fc69f602fe473485ce3a66a396', NULL),
('01Z098', 'Nguyễn Hồng', 'Hạnh', '01/01/1993', 'Hà Nội', 'KT001', 'HN', 'Phòng 4', 'f84857cedca02afee5d23ed7ae841ac3', NULL),
('01Z099', 'Nguyễn Hồng', 'Hạnh', '01/01/1993', 'Hà Nội', 'KT001', 'HN', 'Phòng 4', 'd1640f44508281d224662904da60a045', NULL),
('01Z100', 'Nguyễn Hồng', 'Hạnh', '01/01/1993', 'Hà Nội', 'KT001', 'HN', 'Phòng 4', 'dfac07ae970029d9ae317ec9d93b577c', NULL),
('01Z101', 'Nguyễn Hồng', 'Hạnh', '01/01/1993', 'Hà Nội', 'KT001', 'HN', 'Phòng 4', '50363638c0110741457456786244692e', NULL),
('01Z102', 'Nguyễn Hồng', 'Hạnh', '01/01/1993', 'Hà Nội', 'KT001', 'HN', 'Phòng 4', '11814160f98b2308b114dbf4cd34ec6d', NULL),
('01Z103', 'Nguyễn Hồng', 'Hạnh', '01/01/1993', 'Hà Nội', 'KT001', 'HN', 'Phòng 4', '9b28386797e9b0a6eed3cd9517d74bb6', NULL),
('01Z104', 'Nguyễn Hồng', 'Hạnh', '01/01/1993', 'Hà Nội', 'KT001', 'HN', 'Phòng 4', '65e11a959a0bcceb21b2b0e72277f1da', NULL),
('01Z105', 'Nguyễn Hồng', 'Hạnh', '01/01/1993', 'Hà Nội', 'KT001', 'HN', 'Phòng 4', '68ed9ae0f4d24299b07569ded17dfe09', NULL),
('01Z106', 'Nguyễn Hồng', 'Hạnh', '01/01/1993', 'Hà Nội', 'KT001', 'HN', 'Phòng 4', '5f9ccf5586a84b31c6ebc69fbd35da04', NULL),
('01Z107', 'Nguyễn Hồng', 'Hạnh', '01/01/1993', 'Hà Nội', 'KT001', 'HN', 'Phòng 4', '5d1a4e7839d916ac83f418633c524514', NULL),
('01Z108', 'Nguyễn Hồng', 'Hạnh', '01/01/1993', 'Hà Nội', 'KT001', 'HN', 'Phòng 4', 'f661bad972d7e99072c7ef900929faa3', NULL),
('01Z109', 'Nguyễn Hồng', 'Hạnh', '01/01/1993', 'Hà Nội', 'KT001', 'HN', 'Phòng 4', '512557b59686ddc15ac1423b27d1b7ff', NULL),
('01Z110', 'Nguyễn Hồng', 'Hạnh', '01/01/1993', 'Hà Nội', 'KT001', 'HN', 'Phòng 4', '6fa889622af53a934a87a0057fad3bd6', NULL),
('01Z111', 'Nguyễn Hồng', 'Hạnh', '01/01/1993', 'Hà Nội', 'KT001', 'HN', 'Phòng 4', 'c88e5fb6979c72587c5082cf29114545', NULL),
('01Z112', 'Nguyễn Hồng', 'Hạnh', '01/01/1993', 'Hà Nội', 'KT001', 'HN', 'Phòng 4', '777dcad2ed2908602f928a14ac273916', NULL),
('01Z113', 'Nguyễn Hồng', 'Hạnh', '01/01/1993', 'Hà Nội', 'KT001', 'HN', 'Phòng 4', '2875c29c4ef5f9791172f32141d56355', NULL),
('01Z114', 'Nguyễn Hồng', 'Hạnh', '01/01/1993', 'Hà Nội', 'KT001', 'HN', 'Phòng 4', '5a3f4f91b31b6a08b17678c9b9c4398d', NULL),
('01Z115', 'Nguyễn Hồng', 'Hạnh', '01/01/1993', 'Hà Nội', 'KT001', 'HN', 'Phòng 4', 'c26d2c2bbe2a55264175cc5df8407d6d', NULL),
('01Z116', 'Nguyễn Hồng', 'Hạnh', '01/01/1993', 'Hà Nội', 'KT001', 'HN', 'Phòng 4', '559fecaf4b910408b29fb3dc7780caa7', NULL),
('01Z117', 'Nguyễn Hồng', 'Hạnh', '01/01/1993', 'Hà Nội', 'KT001', 'HN', 'Phòng 4', '6f55e200134e02f6b228f7ca21968188', NULL),
('01Z118', 'Nguyễn Hồng', 'Hạnh', '01/01/1993', 'Hà Nội', 'KT001', 'HN', 'Phòng 4', 'a5b7835916ee19f85f8b56438135a073', NULL),
('01Z119', 'Nguyễn Hồng', 'Hạnh', '01/01/1993', 'Hà Nội', 'KT001', 'HN', 'Phòng 4', '14a8b00160686df8ca84dcd2528eb615', NULL),
('01Z120', 'Nguyễn Hồng', 'Hạnh', '01/01/1993', 'Hà Nội', 'KT001', 'HN', 'Phòng 5', '466e174e885050dac4b2e1b7e174b2c6', NULL),
('01Z121', 'Nguyễn Hồng', 'Hạnh', '01/01/1993', 'Hà Nội', 'KT001', 'HN', 'Phòng 5', 'bceba1197c14f3d0466f458c6c58412f', NULL),
('01Z122', 'Nguyễn Hồng', 'Hạnh', '01/01/1993', 'Hà Nội', 'KT001', 'HN', 'Phòng 5', '3e3f5d1a2fa2fe03bb34c21c50a5a67a', NULL),
('01Z123', 'Nguyễn Hồng', 'Hạnh', '01/01/1993', 'Hà Nội', 'KT001', 'HN', 'Phòng 5', 'f49582c1a670816600068494a81b3d82', NULL),
('01Z124', 'Nguyễn Hồng', 'Hạnh', '01/01/1993', 'Hà Nội', 'KT001', 'HN', 'Phòng 5', '83e1a8b081276f18c5c340758b2ce7a9', NULL),
('01Z125', 'Nguyễn Hồng', 'Hạnh', '01/01/1993', 'Hà Nội', 'KT001', 'HN', 'Phòng 5', '17b6117c7eac4ad167a566d0d2461f11', NULL),
('01Z126', 'Nguyễn Hồng', 'Hạnh', '01/01/1993', 'Hà Nội', 'KT001', 'HN', 'Phòng 5', '7ac5f595f0336678ae1ddc5fdebe7206', NULL),
('01Z127', 'Nguyễn Hồng', 'Hạnh', '01/01/1993', 'Hà Nội', 'KT001', 'HN', 'Phòng 5', '25cae34a59afd4b64b1906231b3f7bcd', NULL),
('01Z128', 'Nguyễn Hồng', 'Hạnh', '01/01/1993', 'Hà Nội', 'KT001', 'HN', 'Phòng 5', '489d4f552bd1cde0972494eee36ede2b', NULL),
('01Z129', 'Nguyễn Hồng', 'Hạnh', '01/01/1993', 'Hà Nội', 'KT001', 'HN', 'Phòng 5', 'a01218977a902b78f8762abb90612b7c', NULL),
('01Z130', 'Nguyễn Hồng', 'Hạnh', '01/01/1993', 'Hà Nội', 'KT001', 'HN', 'Phòng 5', 'd73fae506f296ba4b1281ec4dae968c4', NULL),
('01Z131', 'Nguyễn Hồng', 'Hạnh', '01/01/1993', 'Hà Nội', 'KT001', 'HN', 'Phòng 5', 'f8c6f79eaefc8896925f67ce56c11dbf', NULL),
('01Z132', 'Nguyễn Hồng', 'Hạnh', '01/01/1993', 'Hà Nội', 'KT001', 'HN', 'Phòng 5', 'c5bd283a80113a5763814590b973d988', NULL),
('01Z133', 'Nguyễn Hồng', 'Hạnh', '01/01/1993', 'Hà Nội', 'KT001', 'HN', 'Phòng 5', 'c7f87d0afdced3bc10c65fa4a8d13cc8', NULL),
('01Z134', 'Nguyễn Hồng', 'Hạnh', '01/01/1993', 'Hà Nội', 'KT001', 'HN', 'Phòng 5', 'd90ad1227b90d9400fa4e3ae313fda7c', NULL),
('01Z135', 'Nguyễn Hồng', 'Hạnh', '01/01/1993', 'Hà Nội', 'KT001', 'HN', 'Phòng 5', 'f6afd12503ea9978e9885fe5e1b765eb', NULL),
('01Z136', 'Nguyễn Hồng', 'Hạnh', '01/01/1993', 'Hà Nội', 'KT001', 'HN', 'Phòng 5', '6e48800d72779bd2c69bd7cb7e95f0c3', NULL),
('01Z137', 'Nguyễn Hồng', 'Hạnh', '01/01/1993', 'Hà Nội', 'KT001', 'HN', 'Phòng 5', '0ffa17c05f51b045c572f2bebd6c19e5', NULL),
('01Z138', 'Nguyễn Hồng', 'Hạnh', '01/01/1993', 'Hà Nội', 'KT001', 'HN', 'Phòng 5', '425c7738c26ffeb2108c62af1abef313', NULL),
('01Z139', 'Nguyễn Hồng', 'Hạnh', '01/01/1993', 'Hà Nội', 'KT001', 'HN', 'Phòng 5', '9c1f16b4be7d52cb49815fb62f590173', NULL),
('01Z140', 'Nguyễn Hồng', 'Hạnh', '01/01/1993', 'Hà Nội', 'KT001', 'HN', 'Phòng 5', '14a123e4516481673213b400bd993c60', NULL),
('01Z141', 'Nguyễn Hồng', 'Hạnh', '01/01/1993', 'Hà Nội', 'KT001', 'HN', 'Phòng 5', 'b9d012ac58f4aee47b761bf86f59e91c', NULL),
('01Z142', 'Nguyễn Hồng', 'Hạnh', '01/01/1993', 'Hà Nội', 'KT001', 'HN', 'Phòng 5', '696a8813e34b895ec1c120fff0970996', NULL),
('01Z143', 'Nguyễn Hồng', 'Hạnh', '01/01/1993', 'Hà Nội', 'KT001', 'HN', 'Phòng 5', '0711d2468543a10136ccfdf6b91e4a8a', NULL),
('01Z144', 'Nguyễn Hồng', 'Hạnh', '01/01/1993', 'Hà Nội', 'KT001', 'HN', 'Phòng 5', 'bbf4946fa6e8cf461c670392a8c65319', NULL),
('01Z145', 'Nguyễn Hồng', 'Hạnh', '01/01/1993', 'Hà Nội', 'KT001', 'HN', 'Phòng 5', 'de6f6644a795d8d11a2eb74722a3c28c', NULL),
('01Z146', 'Nguyễn Hồng', 'Hạnh', '01/01/1993', 'Hà Nội', 'KT001', 'HN', 'Phòng 5', 'cb025a07701f3c087a5443e64f4416ac', NULL),
('01Z147', 'Nguyễn Hồng', 'Hạnh', '01/01/1993', 'Hà Nội', 'KT001', 'HN', 'Phòng 5', 'd540950f8aea7019c7de5e1ce6e52016', NULL),
('01Z148', 'Nguyễn Hồng', 'Hạnh', '01/01/1993', 'Hà Nội', 'KT001', 'HN', 'Phòng 5', '742e807d30648812d4ba685b649240f5', NULL),
('01Z149', 'Nguyễn Hồng', 'Hạnh', '01/01/1993', 'Hà Nội', 'KT001', 'HN', 'Phòng 5', 'de564e1353fc1f49375324caa9f5f3e8', NULL),
('01Z150', 'Nguyễn Hồng', 'Hạnh', '01/01/1993', 'Hà Nội', 'KT001', 'HN', 'Phòng 6', '644d48f7e512f108e347c8ed0219e440', NULL),
('01Z151', 'Nguyễn Hồng', 'Hạnh', '01/01/1993', 'Hà Nội', 'KT001', 'HN', 'Phòng 6', 'd60983657e32a9d970882a93f8a6a73f', NULL),
('01Z152', 'Nguyễn Hồng', 'Hạnh', '01/01/1993', 'Hà Nội', 'KT001', 'HN', 'Phòng 6', 'c4b18bf1a5af6ae6db11d97d4274d372', NULL),
('01Z153', 'Nguyễn Hồng', 'Hạnh', '01/01/1993', 'Hà Nội', 'KT001', 'HN', 'Phòng 6', '27596483c4d297699a3f2c3242a37ea7', NULL),
('01Z154', 'Nguyễn Hồng', 'Hạnh', '01/01/1993', 'Hà Nội', 'KT001', 'HN', 'Phòng 6', '9d694207a8d39df1fbe8640dee9c4b71', NULL),
('01Z155', 'Nguyễn Hồng', 'Hạnh', '01/01/1993', 'Hà Nội', 'KT001', 'HN', 'Phòng 6', '7f4249457ecd764e0a72888cc64f23a6', NULL),
('01Z156', 'Nguyễn Hồng', 'Hạnh', '01/01/1993', 'Hà Nội', 'KT001', 'HN', 'Phòng 6', '8709efb3ccf211f7c7827c036c149ee6', NULL),
('01Z157', 'Nguyễn Hồng', 'Hạnh', '01/01/1993', 'Hà Nội', 'KT001', 'HN', 'Phòng 6', '809e4297f6a8b0291adfcd38797eeb97', NULL),
('01Z158', 'Nguyễn Hồng', 'Hạnh', '01/01/1993', 'Hà Nội', 'KT001', 'HN', 'Phòng 6', '5d8d8f2944bbe52d265d967ed5956590', NULL),
('01Z159', 'Nguyễn Hồng', 'Hạnh', '01/01/1993', 'Hà Nội', 'KT001', 'HN', 'Phòng 6', '1f38c5c9def18a23405989e37d8bbcfa', NULL),
('01Z160', 'Nguyễn Hồng', 'Hạnh', '01/01/1993', 'Hà Nội', 'KT001', 'HN', 'Phòng 6', '52395d65645107eade39d045c5083ca9', NULL),
('01Z161', 'Nguyễn Hồng', 'Hạnh', '01/01/1993', 'Hà Nội', 'KT001', 'HN', 'Phòng 6', 'feb7009b98c261b2db70d9cd9ed14f7b', NULL),
('01Z162', 'Nguyễn Hồng', 'Hạnh', '01/01/1993', 'Hà Nội', 'KT001', 'HN', 'Phòng 6', 'd1ea1d4592dd11260ae6c81bc746cf4f', NULL),
('01Z163', 'Nguyễn Hồng', 'Hạnh', '01/01/1993', 'Hà Nội', 'KT001', 'HN', 'Phòng 6', 'ba89b34d53c221ce2829acc8e119fc56', NULL),
('01Z164', 'Nguyễn Hồng', 'Hạnh', '01/01/1993', 'Hà Nội', 'KT001', 'HN', 'Phòng 6', '5c3507b3173c6d76419d3b095441640b', NULL),
('01Z165', 'Nguyễn Hồng', 'Hạnh', '01/01/1993', 'Hà Nội', 'KT001', 'HN', 'Phòng 6', 'e48b06c97cf777434c3b0f4b5c4994c6', NULL),
('01Z166', 'Nguyễn Hồng', 'Hạnh', '01/01/1993', 'Hà Nội', 'KT001', 'HN', 'Phòng 6', '4b8eac4df5ee767be367ae040e2965d9', NULL),
('01Z167', 'Nguyễn Hồng', 'Hạnh', '01/01/1993', 'Hà Nội', 'KT001', 'HN', 'Phòng 6', '82f2f5e93c9e6ede1017b62ac767487c', NULL),
('01Z168', 'Nguyễn Hồng', 'Hạnh', '01/01/1993', 'Hà Nội', 'KT001', 'HN', 'Phòng 6', '536102166d12c17f0a842a3c02ecbc3f', NULL),
('01Z169', 'Nguyễn Hồng', 'Hạnh', '01/01/1993', 'Hà Nội', 'KT001', 'HN', 'Phòng 6', '95ee349d514233efbb4ce302c579142f', NULL),
('01Z170', 'Nguyễn Hồng', 'Hạnh', '01/01/1993', 'Hà Nội', 'KT001', 'HN', 'Phòng 6', 'fb0a822cda9650265d8f9bd5bdb7d446', NULL),
('01Z171', 'Nguyễn Hồng', 'Hạnh', '01/01/1993', 'Hà Nội', 'KT001', 'HN', 'Phòng 6', '2361eff6c6baa4dfd5fc9361eac0dfd0', NULL),
('01Z172', 'Nguyễn Hồng', 'Hạnh', '01/01/1993', 'Hà Nội', 'KT001', 'HN', 'Phòng 6', 'f6bdfbccc9c2b6ac5665c41e9cd4fb0f', NULL),
('01Z173', 'Nguyễn Hồng', 'Hạnh', '01/01/1993', 'Hà Nội', 'KT001', 'HN', 'Phòng 6', 'a8ba357ff68f2672b7729a4eec862a42', NULL),
('01Z174', 'Nguyễn Hồng', 'Hạnh', '01/01/1993', 'Hà Nội', 'KT001', 'HN', 'Phòng 6', 'e918c620b327094d244cd3d178eb9f3b', NULL),
('01Z175', 'Nguyễn Hồng', 'Hạnh', '01/01/1993', 'Hà Nội', 'KT001', 'HN', 'Phòng 6', 'c52a5e23640a0db79efbc725dbe21082', NULL),
('01Z176', 'Nguyễn Hồng', 'Hạnh', '01/01/1993', 'Hà Nội', 'KT001', 'HN', 'Phòng 6', '027e3f76c80918e69d4e4af31137ebab', NULL),
('01Z177', 'Nguyễn Hồng', 'Hạnh', '01/01/1993', 'Hà Nội', 'KT001', 'HN', 'Phòng 6', 'd8d4e3196d4b3896dcb46be080b9ed5a', NULL),
('01Z178', 'Nguyễn Hồng', 'Hạnh', '01/01/1993', 'Hà Nội', 'KT001', 'HN', 'Phòng 6', 'ec16f343d868e15f761bc494cdeb6218', NULL),
('01Z179', 'Nguyễn Hồng', 'Hạnh', '01/01/1993', 'Hà Nội', 'KT001', 'HN', 'Phòng 6', '26643a40d45df19f8d8401d282e0c391', NULL),
('01Z180', 'Nguyễn Hồng', 'Hạnh', '01/01/1993', 'Hà Nội', 'KT001', 'HN', 'Phòng 7', '168b1b78d8f8e5c03e1cb6abcd151c7e', NULL),
('01Z181', 'Nguyễn Hồng', 'Hạnh', '01/01/1993', 'Hà Nội', 'KT001', 'HN', 'Phòng 7', '580e5574e36684b27088efc10b8fb264', NULL),
('01Z182', 'Nguyễn Hồng', 'Hạnh', '01/01/1993', 'Hà Nội', 'KT001', 'HN', 'Phòng 7', '9c0abd8b81cf9c6f8a34b1ec1afae3a6', NULL),
('01Z183', 'Nguyễn Hồng', 'Hạnh', '01/01/1993', 'Hà Nội', 'KT001', 'HN', 'Phòng 7', '78e40e02c5a3e96762de27fc9faba782', NULL),
('01Z184', 'Nguyễn Hồng', 'Hạnh', '01/01/1993', 'Hà Nội', 'KT001', 'HN', 'Phòng 7', '8152ac97995e0beddea43abb9758fdfc', NULL),
('01Z185', 'Nguyễn Hồng', 'Hạnh', '01/01/1993', 'Hà Nội', 'KT001', 'HN', 'Phòng 7', 'dbe881fc5a37e7388fd1241768b8bf43', NULL),
('01Z186', 'Nguyễn Hồng', 'Hạnh', '01/01/1993', 'Hà Nội', 'KT001', 'HN', 'Phòng 7', 'ef8c51f0410e9ad138095e461d5d666c', NULL),
('01Z187', 'Nguyễn Hồng', 'Hạnh', '01/01/1993', 'Hà Nội', 'KT001', 'HN', 'Phòng 7', '318735de66e4f3a45ab67b842626e63b', NULL),
('01Z188', 'Nguyễn Hồng', 'Hạnh', '01/01/1993', 'Hà Nội', 'KT001', 'HN', 'Phòng 7', 'fb379c9c9bbfa9cffddde16d7298ec76', NULL),
('01Z189', 'Nguyễn Hồng', 'Hạnh', '01/01/1993', 'Hà Nội', 'KT001', 'HN', 'Phòng 7', '70303edaccbbc5d2e4d67e2ea1d253ea', NULL),
('01Z190', 'Nguyễn Hồng', 'Hạnh', '01/01/1993', 'Hà Nội', 'KT001', 'HN', 'Phòng 7', '04a28d80c9b6c9452e1ca3a04d10a498', NULL),
('01Z191', 'Nguyễn Hồng', 'Hạnh', '01/01/1993', 'Hà Nội', 'KT001', 'HN', 'Phòng 7', '2e444d87d83bb3d1d71909a95d9316a3', NULL),
('01Z192', 'Nguyễn Hồng', 'Hạnh', '01/01/1993', 'Hà Nội', 'KT001', 'HN', 'Phòng 7', '14346fb2ee539e06a7868e2e888935a8', NULL),
('01Z193', 'Nguyễn Hồng', 'Hạnh', '01/01/1993', 'Hà Nội', 'KT001', 'HN', 'Phòng 7', '3f308e527ca4a363b37e80efd92b404a', NULL),
('01Z194', 'Nguyễn Hồng', 'Hạnh', '01/01/1993', 'Hà Nội', 'KT001', 'HN', 'Phòng 7', 'fce14ad95442713642617236ab0424ec', NULL),
('01Z195', 'Nguyễn Hồng', 'Hạnh', '01/01/1993', 'Hà Nội', 'KT001', 'HN', 'Phòng 7', '2d6ca493797b1912a41332216e57c041', NULL),
('01Z196', 'Nguyễn Hồng', 'Hạnh', '01/01/1993', 'Hà Nội', 'KT001', 'HN', 'Phòng 7', '63b63c3c23c43c743f928fb04adb9d4c', NULL),
('01Z197', 'Nguyễn Hồng', 'Hạnh', '01/01/1993', 'Hà Nội', 'KT001', 'HN', 'Phòng 7', '380dfb28bc0d38d2767faa28b2c86c51', NULL),
('01Z198', 'Nguyễn Hồng', 'Hạnh', '01/01/1993', 'Hà Nội', 'KT001', 'HN', 'Phòng 7', '5c7455700f461cad51ac6f371390e1cf', NULL),
('01Z199', 'Nguyễn Hồng', 'Hạnh', '01/01/1993', 'Hà Nội', 'KT001', 'HN', 'Phòng 7', 'b3bbbdc563bd578c7bc1b9b6041fd2e3', NULL),
('01Z200', 'Nguyễn Hồng', 'Hạnh', '01/01/1993', 'Hà Nội', 'KT001', 'HN', 'Phòng 7', '8ef1e6cbf88ac58c6584a06b18c6d4b5', NULL),
('01Z201', 'Nguyễn Hồng', 'Hạnh', '01/01/1993', 'Hà Nội', 'KT001', 'HN', 'Phòng 7', '7f22a713786d6cfc223997591d9ebbcb', NULL),
('01Z202', 'Nguyễn Hồng', 'Hạnh', '01/01/1993', 'Hà Nội', 'KT001', 'HN', 'Phòng 7', 'fd04604321743c35eb90709d07f0573f', NULL),
('01Z203', 'Nguyễn Hồng', 'Hạnh', '01/01/1993', 'Hà Nội', 'KT001', 'HN', 'Phòng 7', '2199236649b42d88ac75ee713db4264b', NULL),
('01Z204', 'Nguyễn Hồng', 'Hạnh', '01/01/1993', 'Hà Nội', 'KT001', 'HN', 'Phòng 7', '3969b7b2c2e8c5463a0ad5753165a9f8', NULL),
('01Z205', 'Nguyễn Hồng', 'Hạnh', '01/01/1993', 'Hà Nội', 'KT001', 'HN', 'Phòng 7', '484810821372023f4200b5f5b8b77c62', NULL),
('01Z206', 'Nguyễn Hồng', 'Hạnh', '01/01/1993', 'Hà Nội', 'KT001', 'HN', 'Phòng 7', 'ed55edf29a7cae0b3a1f739dd49feb8b', NULL),
('01Z207', 'Nguyễn Hồng', 'Hạnh', '01/01/1993', 'Hà Nội', 'KT001', 'HN', 'Phòng 7', 'a5d3cf21815d59d602878fd81f16ca8f', NULL),
('01Z208', 'Nguyễn Hồng', 'Hạnh', '01/01/1993', 'Hà Nội', 'KT001', 'HN', 'Phòng 7', 'ed34ebfe02fb4c1abefe5639149ad44e', NULL),
('01Z209', 'Nguyễn Hồng', 'Hạnh', '01/01/1993', 'Hà Nội', 'KT001', 'HN', 'Phòng 7', '057400dc8178eb5bc762c735bf80eacc', NULL),
('01Z210', 'Nguyễn Hồng', 'Hạnh', '01/01/1993', 'Hà Nội', 'KT001', 'HN', 'Phòng 8', 'e338521b4a87cdb054b5fb4a89c79e98', NULL),
('01Z211', 'Nguyễn Hồng', 'Hạnh', '01/01/1993', 'Hà Nội', 'KT001', 'HN', 'Phòng 8', '2f40c9ea338a0e19482e7938e110db18', NULL),
('01Z212', 'Nguyễn Hồng', 'Hạnh', '01/01/1993', 'Hà Nội', 'KT001', 'HN', 'Phòng 8', 'fcb53fcf3a6d5cd95c4b579297d8ae61', NULL),
('01Z213', 'Nguyễn Hồng', 'Hạnh', '01/01/1993', 'Hà Nội', 'KT001', 'HN', 'Phòng 8', '9623c3b575893dd2802814bd043890ff', NULL),
('01Z214', 'Nguyễn Hồng', 'Hạnh', '01/01/1993', 'Hà Nội', 'KT001', 'HN', 'Phòng 8', '4b3ed6c1d754070ece290b99d9e70724', NULL),
('01Z215', 'Nguyễn Hồng', 'Hạnh', '01/01/1993', 'Hà Nội', 'KT001', 'HN', 'Phòng 8', '18ce629e7151ce1db1d029de2a440f31', NULL),
('01Z216', 'Nguyễn Hồng', 'Hạnh', '01/01/1993', 'Hà Nội', 'KT001', 'HN', 'Phòng 8', '677ec88c69c9542c33899f68e2354fc1', NULL),
('01Z217', 'Nguyễn Hồng', 'Hạnh', '01/01/1993', 'Hà Nội', 'KT001', 'HN', 'Phòng 8', 'aa3d03052c824ca99f0bfe6e93ba104e', NULL),
('01Z218', 'Nguyễn Hồng', 'Hạnh', '01/01/1993', 'Hà Nội', 'KT001', 'HN', 'Phòng 8', '0c894968ed4def9d8addc8b3a5fe9990', NULL),
('01Z219', 'Nguyễn Hồng', 'Hạnh', '01/01/1993', 'Hà Nội', 'KT001', 'HN', 'Phòng 8', '57fb772d702a65f3b0d818a39cd5d1a8', NULL),
('01Z220', 'Nguyễn Hồng', 'Hạnh', '01/01/1993', 'Hà Nội', 'KT001', 'HN', 'Phòng 8', '12963f4e283a5a68da0b6cfe40ae5916', NULL),
('01Z221', 'Nguyễn Hồng', 'Hạnh', '01/01/1993', 'Hà Nội', 'KT001', 'HN', 'Phòng 8', 'b6a765628357d347fa1f46b6c8b4a0cc', NULL),
('01Z222', 'Nguyễn Hồng', 'Hạnh', '01/01/1993', 'Hà Nội', 'KT001', 'HN', 'Phòng 8', 'f3919ac2010598f095fb20934df8bc36', NULL),
('01Z223', 'Nguyễn Hồng', 'Hạnh', '01/01/1993', 'Hà Nội', 'KT001', 'HN', 'Phòng 8', '2dbf0ba6edb83fc1a47e247537a96250', NULL),
('01Z224', 'Nguyễn Hồng', 'Hạnh', '01/01/1993', 'Hà Nội', 'KT001', 'HN', 'Phòng 8', '7196ffde47a77c568fa42bf089f1676d', NULL),
('01Z225', 'Nguyễn Hồng', 'Hạnh', '01/01/1993', 'Hà Nội', 'KT001', 'HN', 'Phòng 8', 'b92616729ecf5d2e6b828815e278a2eb', NULL),
('01Z226', 'Nguyễn Hồng', 'Hạnh', '01/01/1993', 'Hà Nội', 'KT001', 'HN', 'Phòng 8', 'dbe032b3661b73adbd45806696c4b0b5', NULL),
('01Z227', 'Nguyễn Hồng', 'Hạnh', '01/01/1993', 'Hà Nội', 'KT001', 'HN', 'Phòng 8', 'eff45e45983695b580dca126751d12ce', NULL),
('01Z228', 'Nguyễn Hồng', 'Hạnh', '01/01/1993', 'Hà Nội', 'KT001', 'HN', 'Phòng 8', '5c2ef27051add82db69b06dde332bc8f', NULL),
('01Z229', 'Nguyễn Hồng', 'Hạnh', '01/01/1993', 'Hà Nội', 'KT001', 'HN', 'Phòng 8', '82311d283e751e7d200aa8771447907b', NULL),
('01Z230', 'Nguyễn Hồng', 'Hạnh', '01/01/1993', 'Hà Nội', 'KT001', 'HN', 'Phòng 8', '20ea31c12f2ed40fcbc2108d87b2d05b', NULL),
('01Z231', 'Nguyễn Hồng', 'Hạnh', '01/01/1993', 'Hà Nội', 'KT001', 'HN', 'Phòng 8', 'cc5fbba1981a1d4e14606cc521fb5667', NULL),
('01Z232', 'Nguyễn Hồng', 'Hạnh', '01/01/1993', 'Hà Nội', 'KT001', 'HN', 'Phòng 8', 'eb6ac93b569a73e54215ad4220c7335e', NULL),
('01Z233', 'Nguyễn Hồng', 'Hạnh', '01/01/1993', 'Hà Nội', 'KT001', 'HN', 'Phòng 8', '6f0c08d39aac23e03c1f50c069497136', NULL),
('01Z234', 'Nguyễn Hồng', 'Hạnh', '01/01/1993', 'Hà Nội', 'KT001', 'HN', 'Phòng 8', '3ee482b2b15e689dc5369006de78eaad', NULL),
('01Z235', 'Nguyễn Hồng', 'Hạnh', '01/01/1993', 'Hà Nội', 'KT001', 'HN', 'Phòng 8', 'e5ab27aff5b00f41f1f6c445b30c3f06', NULL),
('01Z236', 'Nguyễn Hồng', 'Hạnh', '01/01/1993', 'Hà Nội', 'KT001', 'HN', 'Phòng 8', '184db62820413803cc880dbabf945083', NULL),
('01Z237', 'Nguyễn Hồng', 'Hạnh', '01/01/1993', 'Hà Nội', 'KT001', 'HN', 'Phòng 8', 'cff2da7c4d808b54a07a236cdbe3972d', NULL),
('01Z238', 'Nguyễn Hồng', 'Hạnh', '01/01/1993', 'Hà Nội', 'KT001', 'HN', 'Phòng 8', 'ec084c3f06393f9292388850f07bed4c', NULL),
('01Z239', 'Nguyễn Hồng', 'Hạnh', '01/01/1993', 'Hà Nội', 'KT001', 'HN', 'Phòng 8', 'ca89f2c67ee1aaa100d2af794b956301', NULL),
('01Z240', 'Nguyễn Hồng', 'Hạnh', '01/01/1994', 'Hà Nội', 'KT001', 'HN', 'Phòng 9', '6480aca6f538dc71a66ff63b1b94f0ea', NULL),
('01Z241', 'Nguyễn Hồng', 'Hạnh', '01/01/1994', 'Hà Nội', 'KT001', 'HN', 'Phòng 9', '10663afab0f85146f433649515c171b0', NULL),
('01Z242', 'Nguyễn Hồng', 'Hạnh', '01/01/1994', 'Hà Nội', 'KT001', 'HN', 'Phòng 9', 'cea3daaf1fd9f6a550db398d8913d8e8', NULL),
('01Z243', 'Nguyễn Hồng', 'Hạnh', '01/01/1994', 'Hà Nội', 'KT001', 'HN', 'Phòng 9', '95eeb7889ceedfba5880a1cbd707998e', NULL),
('01Z244', 'Nguyễn Hồng', 'Hạnh', '01/01/1994', 'Hà Nội', 'KT001', 'HN', 'Phòng 9', '4555bd87114cef42428c98a8a23f54ca', NULL),
('01Z245', 'Nguyễn Hồng', 'Hạnh', '01/01/1994', 'Hà Nội', 'KT001', 'HN', 'Phòng 9', '53c807526454c8fc45e45805ffb47d3b', NULL),
('01Z246', 'Nguyễn Hồng', 'Hạnh', '01/01/1994', 'Hà Nội', 'KT001', 'HN', 'Phòng 9', '62f719ac9ee9906d6ade0a21b44f2d69', NULL),
('01Z247', 'Nguyễn Hồng', 'Hạnh', '01/01/1994', 'Hà Nội', 'KT001', 'HN', 'Phòng 9', '7f5754e9be3416c7de9d065acb537f67', NULL),
('01Z248', 'Nguyễn Hồng', 'Hạnh', '01/01/1994', 'Hà Nội', 'KT001', 'HN', 'Phòng 9', 'a162a147c0ddb486984c49e9db7c9d8e', NULL),
('01Z249', 'Nguyễn Hồng', 'Hạnh', '01/01/1994', 'Hà Nội', 'KT001', 'HN', 'Phòng 9', '2e36eed889b6af6069d697923889f6bc', NULL),
('01Z250', 'Nguyễn Hồng', 'Hạnh', '01/01/1994', 'Hà Nội', 'KT001', 'HN', 'Phòng 9', '9f069bf682f38f58167092eab745f5e2', NULL),
('01Z251', 'Nguyễn Hồng', 'Hạnh', '01/01/1994', 'Hà Nội', 'KT001', 'HN', 'Phòng 9', '096f8f585bc9fd5836b071e2c8e4d14c', NULL),
('01Z252', 'Nguyễn Hồng', 'Hạnh', '01/01/1994', 'Hà Nội', 'KT001', 'HN', 'Phòng 9', '8ed73ead573611fc8b69176fae2d0c13', NULL),
('01Z253', 'Nguyễn Hồng', 'Hạnh', '01/01/1994', 'Hà Nội', 'KT001', 'HN', 'Phòng 9', '95a640571361a13f2c71c3662787348d', NULL),
('01Z254', 'Nguyễn Hồng', 'Hạnh', '01/01/1994', 'Hà Nội', 'KT001', 'HN', 'Phòng 9', 'a366979049d64908e7e62d3db4a59b58', NULL),
('01Z255', 'Nguyễn Hồng', 'Hạnh', '01/01/1994', 'Hà Nội', 'KT001', 'HN', 'Phòng 9', '7194b74204ae99b7fff392c189ebe353', NULL),
('01Z256', 'Nguyễn Hồng', 'Hạnh', '01/01/1994', 'Hà Nội', 'KT001', 'HN', 'Phòng 9', '2a68ecd4efb77b700c4c1bef0c4036f0', NULL),
('01Z257', 'Nguyễn Hồng', 'Hạnh', '01/01/1994', 'Hà Nội', 'KT001', 'HN', 'Phòng 9', 'd982819decafafb33a63673cb5086ae4', NULL),
('01Z258', 'Nguyễn Hồng', 'Hạnh', '01/01/1994', 'Hà Nội', 'KT001', 'HN', 'Phòng 9', '21cc28dcba81faafa770750c7552f8c8', NULL),
('01Z259', 'Nguyễn Hồng', 'Hạnh', '01/01/1994', 'Hà Nội', 'KT001', 'HN', 'Phòng 9', '3b78fbe461eed9922b19ee3abec512ce', NULL),
('01Z260', 'Nguyễn Hồng', 'Hạnh', '01/01/1994', 'Hà Nội', 'KT001', 'HN', 'Phòng 9', '63bfdc991c1ec1fde44c3fcfad398ed1', NULL),
('01Z261', 'Nguyễn Hồng', 'Hạnh', '01/01/1994', 'Hà Nội', 'KT001', 'HN', 'Phòng 9', 'd8889978a57b911ff1074ac2f4c26271', NULL),
('01Z262', 'Nguyễn Hồng', 'Hạnh', '01/01/1994', 'Hà Nội', 'KT001', 'HN', 'Phòng 9', 'c4e961061f5e4210cd0980dba9ad4909', NULL),
('01Z263', 'Nguyễn Hồng', 'Hạnh', '01/01/1994', 'Hà Nội', 'KT001', 'HN', 'Phòng 9', '518ff8eb1d8781781d459e85ef4a21b2', NULL),
('01Z264', 'Nguyễn Hồng', 'Hạnh', '01/01/1994', 'Hà Nội', 'KT001', 'HN', 'Phòng 9', '16d7de37405eca654303bdb0dcf06c4f', NULL),
('01Z265', 'Nguyễn Hồng', 'Hạnh', '01/01/1994', 'Hà Nội', 'KT001', 'HN', 'Phòng 9', '77bdef062d58361580704ea170f38487', NULL),
('01Z266', 'Nguyễn Hồng', 'Hạnh', '01/01/1994', 'Hà Nội', 'KT001', 'HN', 'Phòng 9', '60eec478174ecc544ad59f04a02ac847', NULL),
('01Z267', 'Nguyễn Hồng', 'Hạnh', '01/01/1994', 'Hà Nội', 'KT001', 'HN', 'Phòng 9', '9cb29e899fb7aa1a962a69d889521b38', NULL),
('01Z268', 'Nguyễn Hồng', 'Hạnh', '01/01/1994', 'Hà Nội', 'KT001', 'HN', 'Phòng 9', '810ac475bf0eb9846c1c0013fa3fa16c', NULL),
('01Z269', 'Nguyễn Hồng', 'Hạnh', '01/01/1994', 'Hà Nội', 'KT001', 'HN', 'Phòng 9', 'b2c17c1cff5fe9009370f9f6b1f1ad7a', NULL),
('01Z270', 'Nguyễn Hồng', 'Hạnh', '01/01/1994', 'Hà Nội', 'KT001', 'HN', 'Phòng 10', 'a45b282a8be2a26ccfc340b14d1f9aae', NULL),
('01Z271', 'Nguyễn Hồng', 'Hạnh', '01/01/1994', 'Hà Nội', 'KT001', 'HN', 'Phòng 10', 'b2375c63e6df28187ab85deb50235e29', NULL),
('01Z272', 'Nguyễn Hồng', 'Hạnh', '01/01/1994', 'Hà Nội', 'KT001', 'HN', 'Phòng 10', '680660eb4d236eedd049ebba08a2d4aa', NULL),
('01Z273', 'Nguyễn Hồng', 'Hạnh', '01/01/1994', 'Hà Nội', 'KT001', 'HN', 'Phòng 10', 'c859b5cd3c47a1dc14ec82c7393a26e7', NULL),
('01Z274', 'Nguyễn Hồng', 'Hạnh', '01/01/1994', 'Hà Nội', 'KT001', 'HN', 'Phòng 10', '6fb7c4646caecae774a321647e11a053', NULL),
('01Z275', 'Nguyễn Hồng', 'Hạnh', '01/01/1994', 'Hà Nội', 'KT001', 'HN', 'Phòng 10', '9a9796fee001af522a21e436df27c34b', NULL),
('01Z276', 'Nguyễn Hồng', 'Hạnh', '01/01/1994', 'Hà Nội', 'KT001', 'HN', 'Phòng 10', '7f6f3794638d0d44a96fa57ef0addc86', NULL),
('01Z277', 'Nguyễn Hồng', 'Hạnh', '01/01/1994', 'Hà Nội', 'KT001', 'HN', 'Phòng 10', 'e62db9e2a79889e94cbc4c3e0a584566', NULL),
('01Z278', 'Nguyễn Hồng', 'Hạnh', '01/01/1994', 'Hà Nội', 'KT001', 'HN', 'Phòng 10', 'c04ed8fd63d1e3e7d79d89de1b9e708e', NULL),
('01Z279', 'Nguyễn Hồng', 'Hạnh', '01/01/1994', 'Hà Nội', 'KT001', 'HN', 'Phòng 10', '06d5b311292ce5d6d1e3311d2682cd73', NULL),
('01Z280', 'Nguyễn Hồng', 'Hạnh', '01/01/1994', 'Hà Nội', 'KT001', 'HN', 'Phòng 10', '57122af61a6487e5fb158e7fa8847982', NULL),
('01Z281', 'Nguyễn Hồng', 'Hạnh', '01/01/1994', 'Hà Nội', 'KT001', 'HN', 'Phòng 10', '4a95421eb1af1b8bb07dd8f34206cb8b', NULL),
('01Z282', 'Nguyễn Hồng', 'Hạnh', '01/01/1994', 'Hà Nội', 'KT001', 'HN', 'Phòng 10', '1aa46e84889e9402264cf776c531a8ad', NULL),
('01Z283', 'Nguyễn Hồng', 'Hạnh', '01/01/1994', 'Hà Nội', 'KT001', 'HN', 'Phòng 10', 'e273f362e24898e20c1c9d8b9eb6eab3', NULL),
('01Z284', 'Nguyễn Hồng', 'Hạnh', '01/01/1994', 'Hà Nội', 'KT001', 'HN', 'Phòng 10', '266607249492bbf713ac5eabae1a5b65', NULL),
('01Z285', 'Nguyễn Hồng', 'Hạnh', '01/01/1994', 'Hà Nội', 'KT001', 'HN', 'Phòng 10', '6fa231b9e04adfe1eb483d6bd6bf06f8', NULL),
('01Z286', 'Nguyễn Hồng', 'Hạnh', '01/01/1994', 'Hà Nội', 'KT001', 'HN', 'Phòng 10', '03c4bb14cbf7eeac9ed8e86d7520ac2a', NULL),
('01Z287', 'Nguyễn Hồng', 'Hạnh', '01/01/1994', 'Hà Nội', 'KT001', 'HN', 'Phòng 10', '660b508635a10942fd71fec1d7529380', NULL),
('01Z288', 'Nguyễn Hồng', 'Hạnh', '01/01/1994', 'Hà Nội', 'KT001', 'HN', 'Phòng 10', '18bf625a7f2288f26a7df175e2752fb7', NULL),
('01Z289', 'Nguyễn Hồng', 'Hạnh', '01/01/1994', 'Hà Nội', 'KT001', 'HN', 'Phòng 10', 'f2a0ffb3296eec30b3d171fb0c9bb8b8', NULL),
('01Z290', 'Nguyễn Hồng', 'Hạnh', '01/01/1994', 'Hà Nội', 'KT001', 'HN', 'Phòng 10', 'c6b4537755dd3407ceedb6c74fe32488', NULL),
('01Z291', 'Nguyễn Hồng', 'Hạnh', '01/01/1994', 'Hà Nội', 'KT001', 'HN', 'Phòng 10', '3b735e795e5333f57fedfcfd6cbe198a', NULL),
('01Z292', 'Nguyễn Hồng', 'Hạnh', '01/01/1994', 'Hà Nội', 'KT001', 'HN', 'Phòng 10', 'ee2c3a4a232f7b05d993deaec0d0d9ea', NULL),
('01Z293', 'Nguyễn Hồng', 'Hạnh', '01/01/1994', 'Hà Nội', 'KT001', 'HN', 'Phòng 10', 'f3d74a24dd2ffd1b5a98c8d3a9cf1016', NULL),
('01Z294', 'Nguyễn Hồng', 'Hạnh', '01/01/1994', 'Hà Nội', 'KT001', 'HN', 'Phòng 10', '051f29951ba109d9bc40bed9b81c2a5b', NULL),
('01Z295', 'Nguyễn Hồng', 'Hạnh', '01/01/1994', 'Hà Nội', 'KT001', 'HN', 'Phòng 10', '404429154f7166f8e1937c73ca205d98', NULL),
('01Z296', 'Nguyễn Hồng', 'Hạnh', '01/01/1994', 'Hà Nội', 'KT001', 'HN', 'Phòng 10', '8798004090ed309a9fecdc52518e9498', NULL),
('01Z297', 'Nguyễn Hồng', 'Hạnh', '01/01/1994', 'Hà Nội', 'KT001', 'HN', 'Phòng 10', 'acb5bdbc6cd1dfccbcbb5a3e48cedb9f', NULL),
('01Z298', 'Nguyễn Hồng', 'Hạnh', '01/01/1994', 'Hà Nội', 'KT001', 'HN', 'Phòng 10', 'adde49653c0b930bb29ef53bd5ea3a4d', NULL),
('01Z299', 'Nguyễn Hồng', 'Hạnh', '01/01/1994', 'Hà Nội', 'KT001', 'HN', 'Phòng 10', '92efb516778e56832b6f5fee07210bc6', NULL),
('01Z300', 'Nguyễn Hồng', 'Hạnh', '01/01/1994', 'Hà Nội', 'KT001', 'HN', 'Phòng 10', 'f7a0c8f5f9256396c0cfc56852f38664', NULL),
('01Z301', 'Nguyễn Hồng', 'Hạnh', '01/01/1994', 'Hà Nội', 'KT001', 'HN', 'Phòng 11', 'f6e68054f2eb04f2fef0656ad6d49903', NULL),
('01Z302', 'Nguyễn Hồng', 'Hạnh', '01/01/1994', 'Hà Nội', 'KT001', 'HN', 'Phòng 11', '608cb12b51de0bc64218e5fc0e864d3e', NULL),
('01Z303', 'Nguyễn Hồng', 'Hạnh', '01/01/1994', 'Hà Nội', 'KT001', 'HN', 'Phòng 11', '129e37b7c71edbdd7320cb494a954e50', NULL),
('01Z304', 'Nguyễn Hồng', 'Hạnh', '01/01/1994', 'Hà Nội', 'KT001', 'HN', 'Phòng 11', 'aa7d11c50046dfc95882964a65405cb1', NULL),
('01Z305', 'Nguyễn Hồng', 'Hạnh', '01/01/1994', 'Hà Nội', 'KT001', 'HN', 'Phòng 11', 'b57e2810be579dbf156d73dd03c44766', NULL),
('01Z306', 'Nguyễn Hồng', 'Hạnh', '01/01/1994', 'Hà Nội', 'KT001', 'HN', 'Phòng 11', '8df7a17c5ca7cb16b21324bd228e8611', NULL),
('01Z307', 'Nguyễn Hồng', 'Hạnh', '01/01/1994', 'Hà Nội', 'KT001', 'HN', 'Phòng 11', '487f616e63ff3fc67aab0cd503a55b64', NULL),
('01Z308', 'Nguyễn Hồng', 'Hạnh', '01/01/1994', 'Hà Nội', 'KT001', 'HN', 'Phòng 11', 'e3a907ce35015192207d3005a80e3abb', NULL),
('01Z309', 'Nguyễn Hồng', 'Hạnh', '01/01/1994', 'Hà Nội', 'KT001', 'HN', 'Phòng 11', '63efe5ab2d265f95020ebbf93fbc32b4', NULL),
('01Z310', 'Nguyễn Hồng', 'Hạnh', '01/01/1994', 'Hà Nội', 'KT001', 'HN', 'Phòng 11', 'e859e7ffe6e8ef7a63c6c49e8af791e9', NULL),
('01Z311', 'Nguyễn Hồng', 'Hạnh', '01/01/1994', 'Hà Nội', 'KT001', 'HN', 'Phòng 11', 'c64d1e9e3f487dee39ee85c9492c3d9f', NULL),
('01Z312', 'Nguyễn Hồng', 'Hạnh', '01/01/1994', 'Hà Nội', 'KT001', 'HN', 'Phòng 11', 'c08fab3896b7a8945706f7155111ff1d', NULL),
('01Z313', 'Nguyễn Hồng', 'Hạnh', '01/01/1994', 'Hà Nội', 'KT001', 'HN', 'Phòng 11', '6e4bb49e557b41b3b72b6c63f246b419', NULL),
('01Z314', 'Nguyễn Hồng', 'Hạnh', '01/01/1994', 'Hà Nội', 'KT001', 'HN', 'Phòng 11', '44b89db28ffb7e780d2c7ecab438db39', NULL),
('01Z315', 'Nguyễn Hồng', 'Hạnh', '01/01/1994', 'Hà Nội', 'KT001', 'HN', 'Phòng 11', '868be7be53861bf81ac740e345744093', NULL),
('01Z316', 'Nguyễn Hồng', 'Hạnh', '01/01/1994', 'Hà Nội', 'KT001', 'HN', 'Phòng 11', '2328ecf11bf14a0328c14d8cc61260ca', NULL),
('01Z317', 'Nguyễn Hồng', 'Hạnh', '01/01/1994', 'Hà Nội', 'KT001', 'HN', 'Phòng 11', '3800666ce8edb4836906f0a159bf1360', NULL),
('01Z318', 'Nguyễn Hồng', 'Hạnh', '01/01/1994', 'Hà Nội', 'KT001', 'HN', 'Phòng 11', 'bd1138332cc34f16f616ff5216912f3b', NULL),
('01Z319', 'Nguyễn Hồng', 'Hạnh', '01/01/1994', 'Hà Nội', 'KT001', 'HN', 'Phòng 11', '0181782f8654a984ae634fd6d4b8df2f', NULL),
('01Z320', 'Nguyễn Hồng', 'Hạnh', '01/01/1994', 'Hà Nội', 'KT001', 'HN', 'Phòng 11', 'a349d505e34bfc704ad112436bd748bc', NULL),
('01Z321', 'Nguyễn Hồng', 'Hạnh', '01/01/1994', 'Hà Nội', 'KT001', 'HN', 'Phòng 11', '05784ea63c85c572405124f7ff1188b0', NULL),
('01Z322', 'Nguyễn Hồng', 'Hạnh', '01/01/1994', 'Hà Nội', 'KT001', 'HN', 'Phòng 11', '8437f6ecb9abff56d6b3c42fa823c60d', NULL),
('01Z323', 'Nguyễn Hồng', 'Hạnh', '01/01/1994', 'Hà Nội', 'KT001', 'HN', 'Phòng 11', '509e150e7d0d2ca8573128e93e671361', NULL),
('01Z324', 'Nguyễn Hồng', 'Hạnh', '01/01/1994', 'Hà Nội', 'KT001', 'HN', 'Phòng 11', '330c12c3ecfc152a87299e3ac1db4d7b', NULL),
('01Z325', 'Nguyễn Hồng', 'Hạnh', '01/01/1994', 'Hà Nội', 'KT001', 'HN', 'Phòng 11', '1057522985846ee3a4db4611cc7eccf5', NULL),
('01Z326', 'Nguyễn Hồng', 'Hạnh', '01/01/1994', 'Hà Nội', 'KT001', 'HN', 'Phòng 11', 'cb169c4333adeeccb396307b5a27363f', NULL),
('01Z327', 'Nguyễn Hồng', 'Hạnh', '01/01/1994', 'Hà Nội', 'KT001', 'HN', 'Phòng 11', '4eb9fc5c87d799c0b601b97e15fa02d5', NULL),
('01Z328', 'Nguyễn Hồng', 'Hạnh', '01/01/1994', 'Hà Nội', 'KT001', 'HN', 'Phòng 11', '61fd06afb389adbb157f1ad2f8f83b2c', NULL),
('01Z329', 'Nguyễn Hồng', 'Hạnh', '01/01/1994', 'Hà Nội', 'KT001', 'HN', 'Phòng 11', 'b08e9b03d5bc11de7cfafea2886a2d1f', NULL),
('01Z330', 'Nguyễn Hồng', 'Hạnh', '01/01/1994', 'Hà Nội', 'KT001', 'HN', 'Phòng 11', '68122227a79264c42239044ff91150e2', NULL),
('01Z331', 'Nguyễn Hồng', 'Hạnh', '01/01/1994', 'Hà Nội', 'KT001', 'HN', 'Phòng 12', '5ca2846ab5a9b7f7947569ffbeca520e', NULL),
('01Z332', 'Nguyễn Hồng', 'Hạnh', '01/01/1994', 'Hà Nội', 'KT001', 'HN', 'Phòng 12', '602244abac053efe5b9f3b79954b049d', NULL),
('01Z333', 'Nguyễn Hồng', 'Hạnh', '01/01/1994', 'Hà Nội', 'KT001', 'HN', 'Phòng 12', 'b6ca20385f48266db51bfa66f8ae8d5e', NULL),
('01Z334', 'Nguyễn Hồng', 'Hạnh', '01/01/1994', 'Hà Nội', 'KT001', 'HN', 'Phòng 12', '8c4824dee69fd4a8aab69171b18d9dac', NULL),
('01Z335', 'Nguyễn Hồng', 'Hạnh', '01/01/1994', 'Hà Nội', 'KT001', 'HN', 'Phòng 12', 'e3fb06426c5b84a0adde8205cbe691b8', NULL),
('01Z336', 'Nguyễn Hồng', 'Hạnh', '01/01/1994', 'Hà Nội', 'KT001', 'HN', 'Phòng 12', '4cc74de7d95ae07705f97561926c188b', NULL),
('01Z337', 'Nguyễn Hồng', 'Hạnh', '01/01/1994', 'Hà Nội', 'KT001', 'HN', 'Phòng 12', 'c84241bdb59cc1cf96014d5c97a16ddc', NULL),
('01Z338', 'Nguyễn Hồng', 'Hạnh', '01/01/1994', 'Hà Nội', 'KT001', 'HN', 'Phòng 12', '3ecb97eac98ecc35b01c698ac31fc683', NULL),
('01Z339', 'Nguyễn Hồng', 'Hạnh', '01/01/1994', 'Hà Nội', 'KT001', 'HN', 'Phòng 12', 'aa162457e0bdfd735deef4fd31b9222f', NULL),
('01Z340', 'Nguyễn Hồng', 'Hạnh', '01/01/1994', 'Hà Nội', 'KT001', 'HN', 'Phòng 12', 'bc2b080a1b692479dea86d5b460b1286', NULL),
('01Z341', 'Nguyễn Hồng', 'Hạnh', '01/01/1994', 'Hà Nội', 'KT001', 'HN', 'Phòng 12', '1bcc189c4355126168d39c79ce5c7da0', NULL),
('01Z342', 'Nguyễn Hồng', 'Hạnh', '01/01/1994', 'Hà Nội', 'KT001', 'HN', 'Phòng 12', '1d49f6a54ff120ccc296b18c1b5c0469', NULL),
('01Z343', 'Nguyễn Hồng', 'Hạnh', '01/01/1994', 'Hà Nội', 'KT001', 'HN', 'Phòng 12', '62cb6fd341d0fa3fb0fa33cb70565dfb', NULL),
('01Z344', 'Nguyễn Hồng', 'Hạnh', '01/01/1994', 'Hà Nội', 'KT001', 'HN', 'Phòng 12', '67c80b3b2e3cb8a016399aeb26303f94', NULL),
('01Z345', 'Nguyễn Hồng', 'Hạnh', '01/01/1994', 'Hà Nội', 'KT001', 'HN', 'Phòng 12', 'c392b322e2991014eec29673bb1223ff', NULL),
('01Z346', 'Nguyễn Hồng', 'Hạnh', '01/01/1994', 'Hà Nội', 'KT001', 'HN', 'Phòng 12', '25cad41fa58a510853b75b5efbfc9d8c', NULL),
('01Z347', 'Nguyễn Hồng', 'Hạnh', '01/01/1994', 'Hà Nội', 'KT001', 'HN', 'Phòng 12', '109755f9dc7f4b82d62f1fa6c42cab9a', NULL),
('01Z348', 'Nguyễn Hồng', 'Hạnh', '01/01/1994', 'Hà Nội', 'KT001', 'HN', 'Phòng 12', 'caab0060fb3a0a1f179c17a678601b95', NULL),
('01Z349', 'Nguyễn Hồng', 'Hạnh', '01/01/1994', 'Hà Nội', 'KT001', 'HN', 'Phòng 12', 'e2cca9c06ac5cf441c7467d6c322ad45', NULL),
('01Z350', 'Nguyễn Hồng', 'Hạnh', '01/01/1994', 'Hà Nội', 'KT001', 'HN', 'Phòng 12', 'b522abd28fc06f8d4f6ba36f589afec9', NULL),
('01Z351', 'Nguyễn Hồng', 'Hạnh', '01/01/1994', 'Hà Nội', 'KT001', 'HN', 'Phòng 12', '1b2525eb49be0a05a2f9c42e81f0df6a', NULL),
('01Z352', 'Nguyễn Hồng', 'Hạnh', '01/01/1994', 'Hà Nội', 'KT001', 'HN', 'Phòng 12', '246aeaca2491d3591a1acabb78ae21e9', NULL),
('01Z353', 'Nguyễn Hồng', 'Hạnh', '01/01/1994', 'Hà Nội', 'KT001', 'HN', 'Phòng 12', '747f1c0d0519e5369501b33354b68473', NULL),
('01Z354', 'Nguyễn Hồng', 'Hạnh', '01/01/1994', 'Hà Nội', 'KT001', 'HN', 'Phòng 12', 'bd936f6a559ca36f2391da3ffe3e8bac', NULL),
('01Z355', 'Nguyễn Hồng', 'Hạnh', '01/01/1994', 'Hà Nội', 'KT001', 'HN', 'Phòng 12', 'f985c853f74181e4405a257edda3ff7b', NULL),
('01Z356', 'Nguyễn Hồng', 'Hạnh', '01/01/1994', 'Hà Nội', 'KT001', 'HN', 'Phòng 12', '57ff5bd83e0dba178fff041677f61099', NULL),
('01Z357', 'Nguyễn Hồng', 'Hạnh', '01/01/1994', 'Hà Nội', 'KT001', 'HN', 'Phòng 12', 'f05464f2c01101f28f3e922094d0e8d7', NULL),
('01Z358', 'Nguyễn Hồng', 'Hạnh', '01/01/1994', 'Hà Nội', 'KT001', 'HN', 'Phòng 12', '35b705ac80e7f78f8ad1f1030d514236', NULL),
('01Z359', 'Nguyễn Hồng', 'Hạnh', '01/01/1994', 'Hà Nội', 'KT001', 'HN', 'Phòng 12', 'decf1907dc126f5d764b213518555f63', NULL),
('01Z360', 'Nguyễn Hồng', 'Hạnh', '01/01/1994', 'Hà Nội', 'KT001', 'HN', 'Phòng 12', 'ae280b37105feece29b4499c767ad71e', NULL),
('01Z361', 'Nguyễn Hồng', 'Hạnh', '01/01/1994', 'Hà Nội', 'KT001', 'HN', 'Phòng 13', '827f1d3306c892d5bdb978ad6e56bcab', NULL),
('01Z362', 'Nguyễn Hồng', 'Hạnh', '01/01/1994', 'Hà Nội', 'KT001', 'HN', 'Phòng 13', 'a6aa643d682ff33212d254989590521c', NULL),
('01Z363', 'Nguyễn Hồng', 'Hạnh', '01/01/1994', 'Hà Nội', 'KT001', 'HN', 'Phòng 13', '6851b57dc7ac35429a6c8a0d055e8956', NULL),
('01Z364', 'Nguyễn Hồng', 'Hạnh', '01/01/1994', 'Hà Nội', 'KT001', 'HN', 'Phòng 13', '8cdcc3dbcb2785eb2762ef0bcf7b956e', NULL),
('01Z365', 'Nguyễn Hồng', 'Hạnh', '01/01/1994', 'Hà Nội', 'KT001', 'HN', 'Phòng 13', '850f915bb12f442286b8287da8849f92', NULL),
('01Z366', 'Nguyễn Hồng', 'Hạnh', '01/01/1994', 'Hà Nội', 'KT001', 'HN', 'Phòng 13', 'bb4b31952325f95cf3fd402195ffe6ed', NULL),
('01Z367', 'Nguyễn Hồng', 'Hạnh', '01/01/1994', 'Hà Nội', 'KT001', 'HN', 'Phòng 13', 'd0dfe669830b20528fc606d4c91c6bbf', NULL),
('01Z368', 'Nguyễn Hồng', 'Hạnh', '01/01/1994', 'Hà Nội', 'KT001', 'HN', 'Phòng 13', '2cffd71c98e58d071c70736abdd85fb5', NULL),
('01Z369', 'Nguyễn Hồng', 'Hạnh', '01/01/1994', 'Hà Nội', 'KT001', 'HN', 'Phòng 13', 'e0509e525ea7bbeb3518a41cf1a200ef', NULL),
('01Z370', 'Nguyễn Hồng', 'Hạnh', '01/01/1994', 'Hà Nội', 'KT001', 'HN', 'Phòng 13', '27d2a03415eea865e76341b0947d799f', NULL),
('01Z371', 'Nguyễn Hồng', 'Hạnh', '01/01/1994', 'Hà Nội', 'KT001', 'HN', 'Phòng 13', '2cb03da9428b9921a826037be7ec80a0', NULL),
('01Z372', 'Nguyễn Hồng', 'Hạnh', '01/01/1994', 'Hà Nội', 'KT001', 'HN', 'Phòng 13', '7303abd2dbb7d4e33d4c20f4d15ce4d0', NULL),
('01Z373', 'Nguyễn Hồng', 'Hạnh', '01/01/1994', 'Hà Nội', 'KT001', 'HN', 'Phòng 13', '8195e2b9d6259cdce6d346e3f8ed85a7', NULL),
('01Z374', 'Nguyễn Hồng', 'Hạnh', '01/01/1994', 'Hà Nội', 'KT001', 'HN', 'Phòng 13', 'faf6e18765d3c27d0eba917f67605410', NULL),
('01Z375', 'Nguyễn Hồng', 'Hạnh', '01/01/1994', 'Hà Nội', 'KT001', 'HN', 'Phòng 13', '1098beca7a04f8ad71e5a951f7c45698', NULL),
('01Z376', 'Nguyễn Hồng', 'Hạnh', '01/01/1994', 'Hà Nội', 'KT001', 'HN', 'Phòng 13', 'c1230e5dd8e1f7942f02a9927c490d98', NULL),
('01Z377', 'Nguyễn Hồng', 'Hạnh', '01/01/1994', 'Hà Nội', 'KT001', 'HN', 'Phòng 13', 'fb84e59558de2c3a5a6f79e63710665e', NULL),
('01Z378', 'Nguyễn Hồng', 'Hạnh', '01/01/1994', 'Hà Nội', 'KT001', 'HN', 'Phòng 13', '9f6a4896099b0d6d743add4fb034da49', NULL),
('01Z379', 'Nguyễn Hồng', 'Hạnh', '01/01/1994', 'Hà Nội', 'KT001', 'HN', 'Phòng 13', '9968fb4e50037997aa3835650549664c', NULL),
('01Z380', 'Nguyễn Hồng', 'Hạnh', '01/01/1994', 'Hà Nội', 'KT001', 'HN', 'Phòng 13', 'b3a3b6423900c27fcd0159c04e779a95', NULL),
('01Z381', 'Nguyễn Hồng', 'Hạnh', '01/01/1994', 'Hà Nội', 'KT001', 'HN', 'Phòng 13', 'a73b469adfd94c0d5d96a00abb83015b', NULL),
('01Z382', 'Nguyễn Hồng', 'Hạnh', '01/01/1994', 'Hà Nội', 'KT001', 'HN', 'Phòng 13', '1fbb38c0f9c2666d27601de7bdf5212f', NULL),
('01Z383', 'Nguyễn Hồng', 'Hạnh', '01/01/1994', 'Hà Nội', 'KT001', 'HN', 'Phòng 13', 'e54c10924521a6092ce4a1cec937988b', NULL),
('01Z384', 'Nguyễn Hồng', 'Hạnh', '01/01/1994', 'Hà Nội', 'KT001', 'HN', 'Phòng 13', '30ed60361de483f28c3f45208bc01c86', NULL),
('01Z385', 'Nguyễn Hồng', 'Hạnh', '01/01/1994', 'Hà Nội', 'KT001', 'HN', 'Phòng 13', '6857a7a9ab50b656acc56e713f695fa1', NULL),
('01Z386', 'Nguyễn Hồng', 'Hạnh', '01/01/1994', 'Hà Nội', 'KT001', 'HN', 'Phòng 13', 'f3d7c96ae7d65c62022b31b282329a42', NULL),
('01Z387', 'Nguyễn Hồng', 'Hạnh', '01/01/1994', 'Hà Nội', 'KT001', 'HN', 'Phòng 13', '503ea123796f8ede9c060f43d6513f82', NULL),
('01Z388', 'Nguyễn Hồng', 'Hạnh', '01/01/1994', 'Hà Nội', 'KT001', 'HN', 'Phòng 13', '110efdf3dd46a7f2cf6cec4b1943120b', NULL),
('01Z389', 'Nguyễn Hồng', 'Hạnh', '01/01/1994', 'Hà Nội', 'KT001', 'HN', 'Phòng 13', 'be0d708083b4d00deeab4850213566fd', NULL),
('01Z390', 'Nguyễn Hồng', 'Hạnh', '01/01/1994', 'Hà Nội', 'KT001', 'HN', 'Phòng 13', 'b27f4a4960df6e1ec72a0739a00a0b33', NULL),
('01Z391', 'Nguyễn Hồng', 'Hạnh', '01/01/1994', 'Hà Nội', 'KT001', 'HN', 'Phòng 14', '2b81845eb1fddcf64dfff69d53da6729', NULL),
('01Z392', 'Nguyễn Hồng', 'Hạnh', '01/01/1994', 'Hà Nội', 'KT001', 'HN', 'Phòng 14', '5cdf80445455847c04d35ca72e5194cf', NULL),
('01Z393', 'Nguyễn Hồng', 'Hạnh', '01/01/1994', 'Hà Nội', 'KT001', 'HN', 'Phòng 14', '42e15c4195e8e2a696cfe7e0fe7656a1', NULL),
('01Z394', 'Nguyễn Hồng', 'Hạnh', '01/01/1994', 'Hà Nội', 'KT001', 'HN', 'Phòng 14', '060441c2cb6c4ce80df54fec8d0d49c0', NULL),
('01Z395', 'Nguyễn Hồng', 'Hạnh', '01/01/1994', 'Hà Nội', 'KT001', 'HN', 'Phòng 14', '129b35f0e8bdba137abcd23285c49466', NULL),
('01Z396', 'Nguyễn Hồng', 'Hạnh', '01/01/1994', 'Hà Nội', 'KT001', 'HN', 'Phòng 14', 'e88d31ec01b20e7451a905b18f244153', NULL),
('01Z397', 'Nguyễn Hồng', 'Hạnh', '01/01/1994', 'Hà Nội', 'KT001', 'HN', 'Phòng 14', '02e0491f308fd1e4561dc77c5940b437', NULL);
INSERT INTO `hocvien` (`sbd`, `hodem`, `ten`, `ngaysinh`, `noisinh`, `makythi`, `madonvi`, `tenphongthi`, `matkhau`, `profile`) VALUES
('01Z398', 'Nguyễn Hồng', 'Hạnh', '01/01/1994', 'Hà Nội', 'KT001', 'HN', 'Phòng 14', '977255c6b34e8d35a912369ea5829630', NULL),
('01Z399', 'Nguyễn Hồng', 'Hạnh', '01/01/1994', 'Hà Nội', 'KT001', 'HN', 'Phòng 14', '065b142c9054c92f082786efe03f5813', NULL),
('01Z400', 'Nguyễn Hồng', 'Hạnh', '01/01/1994', 'Hà Nội', 'KT001', 'HN', 'Phòng 14', 'f4b3ed239a2e2eed09c54ddb815aa9ee', NULL),
('01Z401', 'Nguyễn Hồng', 'Hạnh', '01/01/1994', 'Hà Nội', 'KT001', 'HN', 'Phòng 14', '2db6b9117fc86fdfaca9f27f8228b9ec', NULL),
('01Z402', 'Nguyễn Hồng', 'Hạnh', '01/01/1994', 'Hà Nội', 'KT001', 'HN', 'Phòng 14', 'fc324b1256b8292e987d335297a94f7a', NULL),
('01Z403', 'Nguyễn Hồng', 'Hạnh', '01/01/1994', 'Hà Nội', 'KT001', 'HN', 'Phòng 14', 'f15b95db8cd6146093de965125674fff', NULL),
('01Z404', 'Nguyễn Hồng', 'Hạnh', '01/01/1994', 'Hà Nội', 'KT001', 'HN', 'Phòng 14', '92958a1af1aa4b5ce20979af7534de7f', NULL),
('01Z405', 'Nguyễn Hồng', 'Hạnh', '01/01/1994', 'Hà Nội', 'KT001', 'HN', 'Phòng 14', '46ef184bc71e09ee8cc8ce6800856596', NULL),
('01Z406', 'Nguyễn Hồng', 'Hạnh', '01/01/1994', 'Hà Nội', 'KT001', 'HN', 'Phòng 14', '42aa45a4205d3b403d13dff514361e5b', NULL),
('01Z407', 'Nguyễn Hồng', 'Hạnh', '01/01/1994', 'Hà Nội', 'KT001', 'HN', 'Phòng 14', 'a8e3321d23f4c1bc24c19164ef43ef0c', NULL),
('01Z408', 'Nguyễn Hồng', 'Hạnh', '01/01/1994', 'Hà Nội', 'KT001', 'HN', 'Phòng 14', 'f1467ec82a38dc9d7f3ff931f4b7747e', NULL),
('01Z409', 'Nguyễn Hồng', 'Hạnh', '01/01/1994', 'Hà Nội', 'KT001', 'HN', 'Phòng 14', '96eaaa363a878aa44581eb5c001f8762', NULL),
('01Z410', 'Nguyễn Hồng', 'Hạnh', '01/01/1994', 'Hà Nội', 'KT001', 'HN', 'Phòng 14', '091a63e1a1282d7a009f46b2320b9ae8', NULL),
('01Z411', 'Nguyễn Hồng', 'Hạnh', '01/01/1994', 'Hà Nội', 'KT001', 'HN', 'Phòng 14', '88f876b942d4938d89749d4d01bafbe0', NULL),
('01Z412', 'Nguyễn Hồng', 'Hạnh', '01/01/1994', 'Hà Nội', 'KT001', 'HN', 'Phòng 14', 'c4dfea1aed02d7a9cb86c80042e4f4ed', NULL),
('01Z413', 'Nguyễn Hồng', 'Hạnh', '01/01/1994', 'Hà Nội', 'KT001', 'HN', 'Phòng 14', '6aceec25e018ebff39ff1bb2f41d82d4', NULL),
('01Z414', 'Nguyễn Hồng', 'Hạnh', '01/01/1994', 'Hà Nội', 'KT001', 'HN', 'Phòng 14', 'd5daa02794a3376adb9e1685596e483d', NULL),
('01Z415', 'Nguyễn Hồng', 'Hạnh', '01/01/1994', 'Hà Nội', 'KT001', 'HN', 'Phòng 14', '4b6897dab270de329ecd18353733273b', NULL),
('01Z416', 'Nguyễn Hồng', 'Hạnh', '01/01/1994', 'Hà Nội', 'KT001', 'HN', 'Phòng 14', '83d85d9a57212ba22db72431c53d885c', NULL),
('01Z417', 'Nguyễn Hồng', 'Hạnh', '01/01/1994', 'Hà Nội', 'KT001', 'HN', 'Phòng 14', '59dd88469e8cdb7aedda4fffa9872629', NULL),
('01Z418', 'Nguyễn Hồng', 'Hạnh', '01/01/1994', 'Hà Nội', 'KT001', 'HN', 'Phòng 14', '4f0e93025da527c8964edd17f1a195fb', NULL),
('01Z419', 'Nguyễn Hồng', 'Hạnh', '01/01/1994', 'Hà Nội', 'KT001', 'HN', 'Phòng 14', '3a17bf056f3bfebfe03ba202bcc8dd01', NULL),
('01Z420', 'Nguyễn Hồng', 'Hạnh', '01/01/1994', 'Hà Nội', 'KT001', 'HN', 'Phòng 14', 'fda58998024f9ba37670a10fd64f1d3e', NULL);

-- --------------------------------------------------------

--
-- Table structure for table `kythi`
--

CREATE TABLE `kythi` (
  `makythi` varchar(20) COLLATE utf8_unicode_ci NOT NULL,
  `tenkythi` varchar(300) COLLATE utf8_unicode_ci NOT NULL,
  `tgbatdau` timestamp NULL DEFAULT NULL,
  `tgketthuc` timestamp NULL DEFAULT NULL
) ENGINE=InnoDB DEFAULT CHARSET=utf8 COLLATE=utf8_unicode_ci;

--
-- Dumping data for table `kythi`
--

INSERT INTO `kythi` (`makythi`, `tenkythi`, `tgbatdau`, `tgketthuc`) VALUES
('KT001', 'KIỂM TRA NĂNG LỰC QUẢN LÝ CỦA BIDV', '2017-03-05 19:45:00', '2017-03-07 05:00:00');

-- --------------------------------------------------------

--
-- Table structure for table `matkhau`
--

CREATE TABLE `matkhau` (
  `id` int(11) NOT NULL,
  `sbd` varchar(20) COLLATE utf8_unicode_ci NOT NULL,
  `matkhau` varchar(50) COLLATE utf8_unicode_ci NOT NULL
) ENGINE=InnoDB DEFAULT CHARSET=utf8 COLLATE=utf8_unicode_ci;

--
-- Dumping data for table `matkhau`
--

INSERT INTO `matkhau` (`id`, `sbd`, `matkhau`) VALUES
(1, '01Z001', 'N6654691'),
(2, '01Z002', 'N5516887'),
(3, '01Z003', 'N2637552'),
(4, '01Z004', 'N5586193'),
(5, '01Z005', 'N6170326'),
(6, '01Z006', 'N9816907'),
(7, '01Z007', 'N3034826'),
(8, '01Z008', 'N3741727'),
(9, '01Z009', 'N8779975'),
(10, '01Z010', 'N2370232'),
(11, '01Z011', 'N4392312'),
(12, '01Z012', 'N0883742'),
(13, '01Z013', 'N4825310'),
(14, '01Z014', 'N4536271'),
(15, '01Z015', 'N8432751'),
(16, '01Z016', 'N5705512'),
(17, '01Z017', 'N4049077'),
(18, '01Z018', 'N2246847'),
(19, '01Z019', 'N2044066'),
(20, '01Z020', 'N1367858'),
(21, '01Z021', 'N2886838'),
(22, '01Z022', 'N4055756'),
(23, '01Z023', 'N6180186'),
(24, '01Z024', 'N6653935'),
(25, '01Z025', 'N7975219'),
(26, '01Z026', 'N7735942'),
(27, '01Z027', 'N7127925'),
(28, '01Z028', 'N1341664'),
(29, '01Z029', 'N3574192'),
(30, '01Z030', 'N1624893'),
(31, '01Z031', 'N7118243'),
(32, '01Z032', 'N6626209'),
(33, '01Z033', 'N0591804'),
(34, '01Z034', 'N1881641'),
(35, '01Z035', 'N2751233'),
(36, '01Z036', 'N2257471'),
(37, '01Z037', 'N1103336'),
(38, '01Z038', 'N7645795'),
(39, '01Z039', 'N4960454'),
(40, '01Z040', 'N8148656'),
(41, '01Z041', 'N5129994'),
(42, '01Z042', 'N5996287'),
(43, '01Z043', 'N0241111'),
(44, '01Z044', 'N7027433'),
(45, '01Z045', 'N6725761'),
(46, '01Z046', 'N5152794'),
(47, '01Z047', 'N1638953'),
(48, '01Z048', 'N6120308'),
(49, '01Z049', 'N4901982'),
(50, '01Z050', 'N3213071'),
(51, '01Z051', 'N3738983'),
(52, '01Z052', 'N8175061'),
(53, '01Z053', 'N3832520'),
(54, '01Z054', 'N8586914'),
(55, '01Z055', 'N9475951'),
(56, '01Z056', 'N1196778'),
(57, '01Z057', 'N1240010'),
(58, '01Z058', 'N5044356'),
(59, '01Z059', 'N4445971'),
(60, '01Z060', 'N8832279'),
(61, '01Z061', 'N3478135'),
(62, '01Z062', 'N7041785'),
(63, '01Z063', 'N1793691'),
(64, '01Z064', 'N6288909'),
(65, '01Z065', 'N7368411'),
(66, '01Z066', 'N6531245'),
(67, '01Z067', 'N6805307'),
(68, '01Z068', 'N8212509'),
(69, '01Z069', 'N9074620'),
(70, '01Z070', 'N5869322'),
(71, '01Z071', 'N0724476'),
(72, '01Z072', 'N3828313'),
(73, '01Z073', 'N6317397'),
(74, '01Z074', 'N8997160'),
(75, '01Z075', 'N0939303'),
(76, '01Z076', 'N3656072'),
(77, '01Z077', 'N3643406'),
(78, '01Z078', 'N5271056'),
(79, '01Z079', 'N7682548'),
(80, '01Z080', 'N5929022'),
(81, '01Z081', 'N9692281'),
(82, '01Z082', 'N2664143'),
(83, '01Z083', 'N9161294'),
(84, '01Z084', 'N4387003'),
(85, '01Z085', 'N8628615'),
(86, '01Z086', 'N0492010'),
(87, '01Z087', 'N6709110'),
(88, '01Z088', 'N5023460'),
(89, '01Z089', 'N9442115'),
(90, '01Z090', 'N2746608'),
(91, '01Z091', 'N6703210'),
(92, '01Z092', 'N3607823'),
(93, '01Z093', 'N6221562'),
(94, '01Z094', 'N1742516'),
(95, '01Z095', 'N9206423'),
(96, '01Z096', 'N5233658'),
(97, '01Z097', 'N9983302'),
(98, '01Z098', 'N0584887'),
(99, '01Z099', 'N3707764'),
(100, '01Z100', 'N3660565'),
(101, '01Z101', 'N0784497'),
(102, '01Z102', 'N1466997'),
(103, '01Z103', 'N9428882'),
(104, '01Z104', 'N7892929'),
(105, '01Z105', 'N1435184'),
(106, '01Z106', 'N9380981'),
(107, '01Z107', 'N3666880'),
(108, '01Z108', 'N7677541'),
(109, '01Z109', 'N3310524'),
(110, '01Z110', 'N4674366'),
(111, '01Z111', 'N7565427'),
(112, '01Z112', 'N4111685'),
(113, '01Z113', 'N7221874'),
(114, '01Z114', 'N1399155'),
(115, '01Z115', 'N8523808'),
(116, '01Z116', 'N8972083'),
(117, '01Z117', 'N7342085'),
(118, '01Z118', 'N0791055'),
(119, '01Z119', 'N7871662'),
(120, '01Z120', 'N8334980'),
(121, '01Z121', 'N1584694'),
(122, '01Z122', 'N8731899'),
(123, '01Z123', 'N1709033'),
(124, '01Z124', 'N7866215'),
(125, '01Z125', 'N3912382'),
(126, '01Z126', 'N4847286'),
(127, '01Z127', 'N1569649'),
(128, '01Z128', 'N2673135'),
(129, '01Z129', 'N4537687'),
(130, '01Z130', 'N3910257'),
(131, '01Z131', 'N4538506'),
(132, '01Z132', 'N7492469'),
(133, '01Z133', 'N6423569'),
(134, '01Z134', 'N6367392'),
(135, '01Z135', 'N2950571'),
(136, '01Z136', 'N9350463'),
(137, '01Z137', 'N9491355'),
(138, '01Z138', 'N9068542'),
(139, '01Z139', 'N0132759'),
(140, '01Z140', 'N1083848'),
(141, '01Z141', 'N7016046'),
(142, '01Z142', 'N1461495'),
(143, '01Z143', 'N1287880'),
(144, '01Z144', 'N0797087'),
(145, '01Z145', 'N9799840'),
(146, '01Z146', 'N8427095'),
(147, '01Z147', 'N1823887'),
(148, '01Z148', 'N1941892'),
(149, '01Z149', 'N9915948'),
(150, '01Z150', 'N0374829'),
(151, '01Z151', 'N2773508'),
(152, '01Z152', 'N9939349'),
(153, '01Z153', 'N6465466'),
(154, '01Z154', 'N2201929'),
(155, '01Z155', 'N0744140'),
(156, '01Z156', 'N9319547'),
(157, '01Z157', 'N4532597'),
(158, '01Z158', 'N5326894'),
(159, '01Z159', 'N7750159'),
(160, '01Z160', 'N8396551'),
(161, '01Z161', 'N3929455'),
(162, '01Z162', 'N5731567'),
(163, '01Z163', 'N9208741'),
(164, '01Z164', 'N9518193'),
(165, '01Z165', 'N5900014'),
(166, '01Z166', 'N0741535'),
(167, '01Z167', 'N9331754'),
(168, '01Z168', 'N0191737'),
(169, '01Z169', 'N1396929'),
(170, '01Z170', 'N8230041'),
(171, '01Z171', 'N1536003'),
(172, '01Z172', 'N3773193'),
(173, '01Z173', 'N5451843'),
(174, '01Z174', 'N7632473'),
(175, '01Z175', 'N9947547'),
(176, '01Z176', 'N6667428'),
(177, '01Z177', 'N5006201'),
(178, '01Z178', 'N4930774'),
(179, '01Z179', 'N8962269'),
(180, '01Z180', 'N2214550'),
(181, '01Z181', 'N5407095'),
(182, '01Z182', 'N8450531'),
(183, '01Z183', 'N1623939'),
(184, '01Z184', 'N0927647'),
(185, '01Z185', 'N5284723'),
(186, '01Z186', 'N5064898'),
(187, '01Z187', 'N3518640'),
(188, '01Z188', 'N1355607'),
(189, '01Z189', 'N9991084'),
(190, '01Z190', 'N6299232'),
(191, '01Z191', 'N7870043'),
(192, '01Z192', 'N3402706'),
(193, '01Z193', 'N5140407'),
(194, '01Z194', 'N5935615'),
(195, '01Z195', 'N8806360'),
(196, '01Z196', 'N0128865'),
(197, '01Z197', 'N8326953'),
(198, '01Z198', 'N3400717'),
(199, '01Z199', 'N9640221'),
(200, '01Z200', 'N9326059'),
(201, '01Z201', 'N7139877'),
(202, '01Z202', 'N5785479'),
(203, '01Z203', 'N6879741'),
(204, '01Z204', 'N4956278'),
(205, '01Z205', 'N6834032'),
(206, '01Z206', 'N2106280'),
(207, '01Z207', 'N0447687'),
(208, '01Z208', 'N0911607'),
(209, '01Z209', 'N4252055'),
(210, '01Z210', 'N8736391'),
(211, '01Z211', 'N9930025'),
(212, '01Z212', 'N3061047'),
(213, '01Z213', 'N5748626'),
(214, '01Z214', 'N5810182'),
(215, '01Z215', 'N3302542'),
(216, '01Z216', 'N9309873'),
(217, '01Z217', 'N8932373'),
(218, '01Z218', 'N7201795'),
(219, '01Z219', 'N0320424'),
(220, '01Z220', 'N1675706'),
(221, '01Z221', 'N7289966'),
(222, '01Z222', 'N5455517'),
(223, '01Z223', 'N0748330'),
(224, '01Z224', 'N7903900'),
(225, '01Z225', 'N1311943'),
(226, '01Z226', 'N4433702'),
(227, '01Z227', 'N1253363'),
(228, '01Z228', 'N0022386'),
(229, '01Z229', 'N5571285'),
(230, '01Z230', 'N4562738'),
(231, '01Z231', 'N3898082'),
(232, '01Z232', 'N8945100'),
(233, '01Z233', 'N7701119'),
(234, '01Z234', 'N1624646'),
(235, '01Z235', 'N4951772'),
(236, '01Z236', 'N3423191'),
(237, '01Z237', 'N1046606'),
(238, '01Z238', 'N5154035'),
(239, '01Z239', 'N5875101'),
(240, '01Z240', 'N4558715'),
(241, '01Z241', 'N7336193'),
(242, '01Z242', 'N2926848'),
(243, '01Z243', 'N3756174'),
(244, '01Z244', 'N2001572'),
(245, '01Z245', 'N9927640'),
(246, '01Z246', 'N1554662'),
(247, '01Z247', 'N9910640'),
(248, '01Z248', 'N7165848'),
(249, '01Z249', 'N5528306'),
(250, '01Z250', 'N8842431'),
(251, '01Z251', 'N0872792'),
(252, '01Z252', 'N0399643'),
(253, '01Z253', 'N9426232'),
(254, '01Z254', 'N3105732'),
(255, '01Z255', 'N7546901'),
(256, '01Z256', 'N0887932'),
(257, '01Z257', 'N1319773'),
(258, '01Z258', 'N2314628'),
(259, '01Z259', 'N7539669'),
(260, '01Z260', 'N9209626'),
(261, '01Z261', 'N6775802'),
(262, '01Z262', 'N4908687'),
(263, '01Z263', 'N1875326'),
(264, '01Z264', 'N5858199'),
(265, '01Z265', 'N1212845'),
(266, '01Z266', 'N6856851'),
(267, '01Z267', 'N6072297'),
(268, '01Z268', 'N1273053'),
(269, '01Z269', 'N0107663'),
(270, '01Z270', 'N7496629'),
(271, '01Z271', 'N4041929'),
(272, '01Z272', 'N5689662'),
(273, '01Z273', 'N4350714'),
(274, '01Z274', 'N4599133'),
(275, '01Z275', 'N1502617'),
(276, '01Z276', 'N0535847'),
(277, '01Z277', 'N6035959'),
(278, '01Z278', 'N5792981'),
(279, '01Z279', 'N9476021'),
(280, '01Z280', 'N3214852'),
(281, '01Z281', 'N5954624'),
(282, '01Z282', 'N7766906'),
(283, '01Z283', 'N4352354'),
(284, '01Z284', 'N8396320'),
(285, '01Z285', 'N5491991'),
(286, '01Z286', 'N9038796'),
(287, '01Z287', 'N8282066'),
(288, '01Z288', 'N1065804'),
(289, '01Z289', 'N5257996'),
(290, '01Z290', 'N8680483'),
(291, '01Z291', 'N7754349'),
(292, '01Z292', 'N6970914'),
(293, '01Z293', 'N0707802'),
(294, '01Z294', 'N3837475'),
(295, '01Z295', 'N3701954'),
(296, '01Z296', 'N1244928'),
(297, '01Z297', 'N8662854'),
(298, '01Z298', 'N0473895'),
(299, '01Z299', 'N2921095'),
(300, '01Z300', 'N8528744'),
(301, '01Z301', 'N3197014'),
(302, '01Z302', 'N8122152'),
(303, '01Z303', 'N7157121'),
(304, '01Z304', 'N6004447'),
(305, '01Z305', 'N5212629'),
(306, '01Z306', 'N5567477'),
(307, '01Z307', 'N3196545'),
(308, '01Z308', 'N7443049'),
(309, '01Z309', 'N7982651'),
(310, '01Z310', 'N8214149'),
(311, '01Z311', 'N3861806'),
(312, '01Z312', 'N9758605'),
(313, '01Z313', 'N9228435'),
(314, '01Z314', 'N5075420'),
(315, '01Z315', 'N2670200'),
(316, '01Z316', 'N4778035'),
(317, '01Z317', 'N5305934'),
(318, '01Z318', 'N5456798'),
(319, '01Z319', 'N2867404'),
(320, '01Z320', 'N1627603'),
(321, '01Z321', 'N3023503'),
(322, '01Z322', 'N3339186'),
(323, '01Z323', 'N1717413'),
(324, '01Z324', 'N2934032'),
(325, '01Z325', 'N8678296'),
(326, '01Z326', 'N1051002'),
(327, '01Z327', 'N8566976'),
(328, '01Z328', 'N6934785'),
(329, '01Z329', 'N9841357'),
(330, '01Z330', 'N2473788'),
(331, '01Z331', 'N2619188'),
(332, '01Z332', 'N4156383'),
(333, '01Z333', 'N0025759'),
(334, '01Z334', 'N8131513'),
(335, '01Z335', 'N3201716'),
(336, '01Z336', 'N5803172'),
(337, '01Z337', 'N9902828'),
(338, '01Z338', 'N4818530'),
(339, '01Z339', 'N9619855'),
(340, '01Z340', 'N2645081'),
(341, '01Z341', 'N2777636'),
(342, '01Z342', 'N0139245'),
(343, '01Z343', 'N0095065'),
(344, '01Z344', 'N3675287'),
(345, '01Z345', 'N7421520'),
(346, '01Z346', 'N2777772'),
(347, '01Z347', 'N3938649'),
(348, '01Z348', 'N9653589'),
(349, '01Z349', 'N8148360'),
(350, '01Z350', 'N9167529'),
(351, '01Z351', 'N0270146'),
(352, '01Z352', 'N0662252'),
(353, '01Z353', 'N4748594'),
(354, '01Z354', 'N7382628'),
(355, '01Z355', 'N8700871'),
(356, '01Z356', 'N7383098'),
(357, '01Z357', 'N0478973'),
(358, '01Z358', 'N7558678'),
(359, '01Z359', 'N7269372'),
(360, '01Z360', 'N9908391'),
(361, '01Z361', 'N3078144'),
(362, '01Z362', 'N3867400'),
(363, '01Z363', 'N5346764'),
(364, '01Z364', 'N9178851'),
(365, '01Z365', 'N0782888'),
(366, '01Z366', 'N7534714'),
(367, '01Z367', 'N3084795'),
(368, '01Z368', 'N4005735'),
(369, '01Z369', 'N7532501'),
(370, '01Z370', 'N3642441'),
(371, '01Z371', 'N8070450'),
(372, '01Z372', 'N7230062'),
(373, '01Z373', 'N1592116'),
(374, '01Z374', 'N1428270'),
(375, '01Z375', 'N1168618'),
(376, '01Z376', 'N5996807'),
(377, '01Z377', 'N9572019'),
(378, '01Z378', 'N7852963'),
(379, '01Z379', 'N9934362'),
(380, '01Z380', 'N3711971'),
(381, '01Z381', 'N5839181'),
(382, '01Z382', 'N2352298'),
(383, '01Z383', 'N2623362'),
(384, '01Z384', 'N7902730'),
(385, '01Z385', 'N9292879'),
(386, '01Z386', 'N0719099'),
(387, '01Z387', 'N9531612'),
(388, '01Z388', 'N1115993'),
(389, '01Z389', 'N5027145'),
(390, '01Z390', 'N2549072'),
(391, '01Z391', 'N0701071'),
(392, '01Z392', 'N1456835'),
(393, '01Z393', 'N2034224'),
(394, '01Z394', 'N3644161'),
(395, '01Z395', 'N3802634'),
(396, '01Z396', 'N2574158'),
(397, '01Z397', 'N4388290'),
(398, '01Z398', 'N4321853'),
(399, '01Z399', 'N7806058'),
(400, '01Z400', 'N1571237'),
(401, '01Z401', 'N9900588'),
(402, '01Z402', 'N0771381'),
(403, '01Z403', 'N1271448'),
(404, '01Z404', 'N0119881'),
(405, '01Z405', 'N3055969'),
(406, '01Z406', 'N0011054'),
(407, '01Z407', 'N6179554'),
(408, '01Z408', 'N7590266'),
(409, '01Z409', 'N4453881'),
(410, '01Z410', 'N2222093'),
(411, '01Z411', 'N8969479'),
(412, '01Z412', 'N6364202'),
(413, '01Z413', 'N6359295'),
(414, '01Z414', 'N3841797'),
(415, '01Z415', 'N8814872'),
(416, '01Z416', 'N3725156'),
(417, '01Z417', 'N8685547'),
(418, '01Z418', 'N2539308'),
(419, '01Z419', 'N4200848'),
(420, '01Z420', 'N3331736');

-- --------------------------------------------------------

--
-- Table structure for table `modun`
--

CREATE TABLE `modun` (
  `mamodun` varchar(20) COLLATE utf8_unicode_ci NOT NULL,
  `tenmodun` varchar(200) COLLATE utf8_unicode_ci NOT NULL,
  `makythi` varchar(20) COLLATE utf8_unicode_ci NOT NULL
) ENGINE=InnoDB DEFAULT CHARSET=utf8 COLLATE=utf8_unicode_ci;

--
-- Dumping data for table `modun`
--

INSERT INTO `modun` (`mamodun`, `tenmodun`, `makythi`) VALUES
('PP', 'Phó phòng', 'KT001'),
('TP', 'Trưởng phòng', 'KT001');

-- --------------------------------------------------------

--
-- Table structure for table `remote`
--

CREATE TABLE `remote` (
  `sbd` varchar(20) COLLATE utf8_unicode_ci NOT NULL,
  `mamodun` varchar(20) COLLATE utf8_unicode_ci NOT NULL,
  `ipaddress` varchar(30) COLLATE utf8_unicode_ci DEFAULT NULL,
  `estatus` varchar(50) COLLATE utf8_unicode_ci DEFAULT NULL
) ENGINE=InnoDB DEFAULT CHARSET=utf8 COLLATE=utf8_unicode_ci;

--
-- Dumping data for table `remote`
--

INSERT INTO `remote` (`sbd`, `mamodun`, `ipaddress`, `estatus`) VALUES
('01Z001', 'TP', '10.4.106.11', 'Đã thi xong'),
('01Z002', 'TP', '10.4.106.13', 'Đã thi xong'),
('01Z003', 'TP', '10.4.106.5', 'Đã thi xong');

-- --------------------------------------------------------

--
-- Table structure for table `tblhocvien`
--

CREATE TABLE `tblhocvien` (
  `stt` tinyint(4) NOT NULL,
  `sbd` varchar(20) COLLATE utf8_unicode_ci DEFAULT NULL
) ENGINE=InnoDB DEFAULT CHARSET=utf8 COLLATE=utf8_unicode_ci;

-- --------------------------------------------------------

--
-- Table structure for table `test`
--

CREATE TABLE `test` (
  `sbd` varchar(20) COLLATE utf8_unicode_ci NOT NULL
) ENGINE=InnoDB DEFAULT CHARSET=utf8 COLLATE=utf8_unicode_ci;

-- --------------------------------------------------------

--
-- Table structure for table `thoigianthi`
--

CREATE TABLE `thoigianthi` (
  `mamodun` varchar(20) COLLATE utf8_unicode_ci NOT NULL,
  `tongcauhoi` tinyint(4) DEFAULT NULL,
  `tgthi` int(11) DEFAULT NULL
) ENGINE=InnoDB DEFAULT CHARSET=utf8 COLLATE=utf8_unicode_ci;

--
-- Dumping data for table `thoigianthi`
--

INSERT INTO `thoigianthi` (`mamodun`, `tongcauhoi`, `tgthi`) VALUES
('TP', 40, 45);

--
-- Indexes for dumped tables
--

--
-- Indexes for table `admin`
--
ALTER TABLE `admin`
  ADD PRIMARY KEY (`maadmin`);

--
-- Indexes for table `allowexam`
--
ALTER TABLE `allowexam`
  ADD PRIMARY KEY (`sbd`,`mamodun`),
  ADD KEY `mamodun` (`mamodun`);

--
-- Indexes for table `bode`
--
ALTER TABLE `bode`
  ADD PRIMARY KEY (`mabode`),
  ADD KEY `mamodun` (`mamodun`);

--
-- Indexes for table `cauhoi`
--
ALTER TABLE `cauhoi`
  ADD PRIMARY KEY (`macauhoi`),
  ADD KEY `mabode` (`mabode`);

--
-- Indexes for table `dethiprofile`
--
ALTER TABLE `dethiprofile`
  ADD PRIMARY KEY (`id`),
  ADD KEY `mamodun` (`mamodun`);

--
-- Indexes for table `dethisinh`
--
ALTER TABLE `dethisinh`
  ADD PRIMARY KEY (`sbd`,`macauhoi`),
  ADD KEY `macauhoi` (`macauhoi`),
  ADD KEY `mamodun` (`mamodun`);

--
-- Indexes for table `diem`
--
ALTER TABLE `diem`
  ADD PRIMARY KEY (`sbd`,`mamodun`),
  ADD KEY `mamodun` (`mamodun`);

--
-- Indexes for table `donvi`
--
ALTER TABLE `donvi`
  ADD PRIMARY KEY (`madonvi`);

--
-- Indexes for table `hocvien`
--
ALTER TABLE `hocvien`
  ADD PRIMARY KEY (`sbd`),
  ADD KEY `makythi` (`makythi`),
  ADD KEY `madonvi` (`madonvi`),
  ADD KEY `maphongthi` (`tenphongthi`);

--
-- Indexes for table `kythi`
--
ALTER TABLE `kythi`
  ADD PRIMARY KEY (`makythi`);

--
-- Indexes for table `matkhau`
--
ALTER TABLE `matkhau`
  ADD PRIMARY KEY (`id`),
  ADD KEY `sbd` (`sbd`);

--
-- Indexes for table `modun`
--
ALTER TABLE `modun`
  ADD PRIMARY KEY (`mamodun`),
  ADD KEY `makythi` (`makythi`);

--
-- Indexes for table `remote`
--
ALTER TABLE `remote`
  ADD PRIMARY KEY (`sbd`,`mamodun`),
  ADD KEY `mamodun` (`mamodun`);

--
-- Indexes for table `tblhocvien`
--
ALTER TABLE `tblhocvien`
  ADD PRIMARY KEY (`stt`);

--
-- Indexes for table `test`
--
ALTER TABLE `test`
  ADD PRIMARY KEY (`sbd`);

--
-- Indexes for table `thoigianthi`
--
ALTER TABLE `thoigianthi`
  ADD PRIMARY KEY (`mamodun`);

--
-- AUTO_INCREMENT for dumped tables
--

--
-- AUTO_INCREMENT for table `matkhau`
--
ALTER TABLE `matkhau`
  MODIFY `id` int(11) NOT NULL AUTO_INCREMENT, AUTO_INCREMENT=421;
--
-- AUTO_INCREMENT for table `tblhocvien`
--
ALTER TABLE `tblhocvien`
  MODIFY `stt` tinyint(4) NOT NULL AUTO_INCREMENT;
--
-- Constraints for dumped tables
--

--
-- Constraints for table `allowexam`
--
ALTER TABLE `allowexam`
  ADD CONSTRAINT `allowexam_ibfk_1` FOREIGN KEY (`sbd`) REFERENCES `hocvien` (`sbd`) ON UPDATE CASCADE,
  ADD CONSTRAINT `allowexam_ibfk_2` FOREIGN KEY (`mamodun`) REFERENCES `modun` (`mamodun`) ON UPDATE CASCADE;

--
-- Constraints for table `bode`
--
ALTER TABLE `bode`
  ADD CONSTRAINT `bode_ibfk_1` FOREIGN KEY (`mamodun`) REFERENCES `modun` (`mamodun`);

--
-- Constraints for table `cauhoi`
--
ALTER TABLE `cauhoi`
  ADD CONSTRAINT `cauhoi_ibfk_1` FOREIGN KEY (`mabode`) REFERENCES `bode` (`mabode`) ON UPDATE CASCADE;

--
-- Constraints for table `dethiprofile`
--
ALTER TABLE `dethiprofile`
  ADD CONSTRAINT `dethiprofile_ibfk_1` FOREIGN KEY (`mamodun`) REFERENCES `modun` (`mamodun`);

--
-- Constraints for table `dethisinh`
--
ALTER TABLE `dethisinh`
  ADD CONSTRAINT `dethisinh_ibfk_1` FOREIGN KEY (`sbd`) REFERENCES `hocvien` (`sbd`) ON UPDATE CASCADE,
  ADD CONSTRAINT `dethisinh_ibfk_2` FOREIGN KEY (`macauhoi`) REFERENCES `cauhoi` (`macauhoi`) ON UPDATE CASCADE,
  ADD CONSTRAINT `dethisinh_ibfk_3` FOREIGN KEY (`mamodun`) REFERENCES `modun` (`mamodun`) ON UPDATE CASCADE;

--
-- Constraints for table `diem`
--
ALTER TABLE `diem`
  ADD CONSTRAINT `diem_ibfk_1` FOREIGN KEY (`mamodun`) REFERENCES `modun` (`mamodun`) ON UPDATE CASCADE,
  ADD CONSTRAINT `diem_ibfk_2` FOREIGN KEY (`sbd`) REFERENCES `hocvien` (`sbd`);

--
-- Constraints for table `hocvien`
--
ALTER TABLE `hocvien`
  ADD CONSTRAINT `hocvien_ibfk_1` FOREIGN KEY (`makythi`) REFERENCES `kythi` (`makythi`) ON UPDATE CASCADE,
  ADD CONSTRAINT `hocvien_ibfk_2` FOREIGN KEY (`madonvi`) REFERENCES `donvi` (`madonvi`) ON UPDATE CASCADE;

--
-- Constraints for table `matkhau`
--
ALTER TABLE `matkhau`
  ADD CONSTRAINT `matkhau_ibfk_1` FOREIGN KEY (`sbd`) REFERENCES `hocvien` (`sbd`) ON UPDATE CASCADE;

--
-- Constraints for table `modun`
--
ALTER TABLE `modun`
  ADD CONSTRAINT `modun_ibfk_1` FOREIGN KEY (`makythi`) REFERENCES `kythi` (`makythi`);

--
-- Constraints for table `remote`
--
ALTER TABLE `remote`
  ADD CONSTRAINT `remote_ibfk_1` FOREIGN KEY (`sbd`) REFERENCES `hocvien` (`sbd`) ON UPDATE CASCADE,
  ADD CONSTRAINT `remote_ibfk_2` FOREIGN KEY (`mamodun`) REFERENCES `modun` (`mamodun`) ON UPDATE CASCADE;

--
-- Constraints for table `test`
--
ALTER TABLE `test`
  ADD CONSTRAINT `test_ibfk_1` FOREIGN KEY (`sbd`) REFERENCES `hocvien` (`sbd`);

--
-- Constraints for table `thoigianthi`
--
ALTER TABLE `thoigianthi`
  ADD CONSTRAINT `thoigianthi_ibfk_1` FOREIGN KEY (`mamodun`) REFERENCES `modun` (`mamodun`);

/*!40101 SET CHARACTER_SET_CLIENT=@OLD_CHARACTER_SET_CLIENT */;
/*!40101 SET CHARACTER_SET_RESULTS=@OLD_CHARACTER_SET_RESULTS */;
/*!40101 SET COLLATION_CONNECTION=@OLD_COLLATION_CONNECTION */;
